id_indikator,kategori,nomor,nama_indikator,nama_asli,kelompok,arah_pembangunan,satuan,penghasil,kl_pengampu,opd_penanggung_jawab,tim_pjk,status_ketersediaan,status_metadata,periode_data,tahun_terakhir,is_proxy,nama_proxy,status_rpjmd,kode_sdgs,link_metadata,link_publikasi,link_data,catatan_teknis
ISV-01,ISV,1,GNI per kapita,GNI per kapita,Peningkatan Pendapatan per Kapita,,,,Kementerian PPN/Bappenas,Setda-Biro Ekonomi,Nerwilis,Tersedia Nasional,Tersedia,Tahunan,2025,1,PDRB per kapita,TIDAK_MASUK_RPJMD,,,https://data.worldbank.org/indicator/NY.GNP.PCAP.CD?locations=ID,Proxy ISV 1.csv,Indikator Proxy: PDRB per kapita; Tersedia hingga kabupaten/kota
ISV-02,ISV,2,Kontribusi PDB Maritim(%),Kontribusi PDB Maritim(%),Peningkatan Pendapatan per Kapita,,%,Kementerian Koordinator Bidang Kemaritiman dan Investasi BPS,"Pengampu indikator belum diputuskan oleh Bappenas, merupakan K/L yang terkait fungsi dalam pencapaian Sektor Maritim",Dinas Perikanan dan Kelautan,Nerwilis,Tidak Tersedia,Tersedia,Tahunan,2023,1,Indeks Ekonomi Biru,TIDAK_MASUK_RPJMD,,,https://cdn.theconversation.com/static_files/files/1186/PUBLIKASI_PDB_MARITIM_FINAL_Oktober_2017%281%29.pdf?1598524965 https://www.scribd.com/document/763026941/LAPORAN-PDB-MARITIM-2017-2021-Updated,https://data.go.id/dataset/dataset/kontribusi-pdb-maritim-terhadap-pdb-nasional-menurut-cluster-atas-dasar-harga-berlaku,Indikator Proxy: Indeks Ekonomi Biru; Tersedia hingga tingkat provinsi
ISV-03,ISV,3,Kontribusi PDB industri Manufaktur(%),Kontribusi PDB industri Manufaktur(%),Peningkatan Pendapatan per Kapita,,%,,Kementerian Perindustrian,Dinas Perindustrian dan Perdagangan,Nerwilis,Tersedia s.d Kabupaten/Kota,Tidak Tersedia,Tahunan,2025,1,Kontribusi PDRB Sektor Sekunder (Triwulanan),DOBEL_ISV_IUP,Indikator 9.2.1* Rasio PDB industri pengolahan dan nilai tambah industri pengolahan per kapita,,https://web-api.bps.go.id/download.php?f=M6H6+xb+JEsFbxpH28ZvZXAvak5ScExlTm9Fc0U3VVVxNkVtNldPai9IS254UTh6aWVWcmprL3YxZEJZUWtuSUVwWnFlRmd5eUt0R1ZVSmFnNGp5M0dnREdQZHE2MlZ6ZkE3WFVWeGNER0RPdXduK1Q4OWFJZUx4Z2I5UmYzQWRtQWdjNlZHN2xhTFJNbUo2N1NNZ1RYNkxPeFNWTklsdWFlblB0Z09Camhpc3h6S3FDelFUYlpXQnRNa3pRWXdXZmVlTzRJczY1elJRZFhiNVNHL1lac1ZNbTRmY0FEckNFcUU3SGsyOWJ1TEtxZlpvZWFRWkhSUU50MjNRM2hlM2dEL2dPT3RKSkljdnlsTlM1aDJrZzFZMzRNUWRwZjhQNnVFcFlnPT0=&_gl=1*1st8vvv*_ga*MzczNTkwNDAyLjE3NTg1NDQ5MTQ.*_ga_XXTTVXWHDB*czE3NzA2ODg2NTckbzY5JGcxJHQxNzcwNjkwMjY5JGozOSRsMCRoMA.,https://www.bps.go.id/id/statistics-table/2/MTIxNiMy/laju-pertumbuhan-pdb-industri-manufaktur.html,Indikator Proxy: Kontribusi PDRB Sektor Sekunder (Triwulanan); Tersedia hingga kabupaten/kota
ISV-04,ISV,4,Persentase Penduduk yang Hidup di Bawah Garis Kemiskinan Nasional,Tingkat kemiskinan,Pengentasan Kemiskinan dan Ketimpangan,,,,BPS,Dinas Sosial,Sosial,Tersedia s.d Kabupaten/Kota,Tersedia,Semesteran,2025,0,,DOBEL_ISV_IUP,"1.2.1* Persentase penduduk yang hidup di bawah garis kemiskinan nasional, menurut jenis kelamin dan kelompok umur",https://sirusa.web.bps.go.id/metadata/indikator/46113,,https://docs.google.com/spreadsheets/d/1iLxf9omlEdU-HVozKx9CrMzIkB0QLdWe/edit?usp=sharing&ouid=116167848821916757688&rtpof=true&sd=true,
ISV-05,ISV,5,Rasio gini,Rasio gini,Pengentasan Kemiskinan dan Ketimpangan,,rasio,,BPS,BAPPEDA,Sosial,Tersedia s.d Kabupaten/Kota,Tersedia,Semesteran,2025,0,,TIDAK_MASUK_RPJMD,Indikator 10.1.1(a) Rasio Gini,,https://web-api.bps.go.id/download.php?f=VeT2lNCuk7lg+OMbjS6KpFhqc2hUdkdoVGZDTnhQcThhaHBMczIzWTE2YS8yN2toT1ZKRDREdnliVmtVL3BEWjJYWWIybGVwNlBWR2twaVdQeERpZ2drMjJEaVRwOUhvVHRvZGpiTDB6K2lSbEExUmtLWkV5R09OalQwaGo2MC9TdXFvSjE0djd1YlN1UnI2WkNFVGdRdHVlVTVMRkF1YzRxbDljS293U3R4UmU3elZLZ3EvcmZhU1RnS3FQd2pQdXdVYU5lZzRsU3BYTnh4NVFleVRXWlpDdTdpUkUrL3h2SnZOL0M2b3VWWnoxRVhiZDVrWnlmRXlEK3MxS3VQQkJISzgyenhXckZOUEhXUm1WRWhyaUgyZXBMOEhvS3JuemJDUFY5WDg2K3JudUl4M1dMSEMxdyt4TFM0PQ==&_gl=1*1xwbifc*_ga*MzczNTkwNDAyLjE3NTg1NDQ5MTQ.*_ga_XXTTVXWHDB*czE3NzA2ODg2NTckbzY5JGcxJHQxNzcwNjkxNTIwJGo1NiRsMCRoMA..,https://www.bps.go.id/id/statistics-table/2/OTgjMg==/gini-ratio-menurut-provinsi-dan-daerah.html,
ISV-06,ISV,6,Kontribusi PDRB KTI,Kontribusi PDRB KTI,Pengentasan Kemiskinan dan Ketimpangan,,,,Menunggu Keputusan dari Bappenas,Setda-Biro Ekonomi,Nerwilis,Tidak Tersedia,Tidak Tersedia,Tahunan,2025,1,Kontribusi PDRB Provinsi (dijaga dengan target growth),TIDAK_MASUK_RPJMD,,PDRB: https://www.bps.go.id/id/statistics-table/2/NTM0IzI=/-seri-2010--1--pdrb-atas-dasar-harga-berlaku-menurut-pengeluaran--milyar-rupiah-.html,Selama ini belum,,Kontribusi PDB KTI bisa dihitung jika sudah rilis PDRB Kab/Kota (selama ini bisa dihitung langsung oleh DNP) Indikator Proxy: Kontribusi PDRB Provinsi (dijaga dengan target growth)
ISV-07,ISV,7,Global Power Index,Global Power Index,Kepemimpinan dan Pengaruh di Dunia Internasional Meningkat,,,Pareto Economics,Kementerian PPN/Bappenas,BAPPEDA,Nerwilis,Tidak Tersedia,Tersedia,Tahunan,2025,1,Indeks Daya Saing Daerah,TIDAK_MASUK_RPJMD,,,,,https://www.pareto-economics.com/global-power-index.html sudah request access untuk dashboardnya
ISV-08,ISV,8,Indeks Modal Manusia,Indeks Modal Manusia,Daya saing sumber daya manusia meningkat,,indeks,,Kementerian PPN/Bappenas,BAPPEDA,Sosial,Tersedia Nasional,Tersedia,Tahunan,,1,Indeks Pembangunan Manusia,MASUK_TAPI_BELUM_ADA_DATA,,,,2010 0.8278358578681946 2018 0.8461430668830872 2020 0.8497079610824585,https://data360.worldbank.org/en/dataset/WB_HCI Indonesia belum pernah menghitung indeks modal manusia Indikator Proxy: Indeks Pembangunan Manusia
ISV-09,ISV,9,intensitas emisi GRK,Penurunan intensitas emisi GRK,Penurunan Emisi GRK menuju net zero emission,,,Kementerian Lingkungan Hidup,Kementerian PPN/Bappenas Kementerian Lingkungan Hidup BPS,Dinas Lingkungan Hidup,Sosial,Tersedia s.d Provinsi,Tersedia,Tahunan,2023,0,,MASUK_RPJMD,9.4.1,https://sirusa.web.bps.go.id/metadata/indikator/38331,publikasi SDGs,https://www.bps.go.id/id/statistics-table/1/MjA3MiMx/emisi-gas-rumah-kaca-menurut-jenis-sektor--ribu-ton-co2e---2000-2019.html,
ISV-10,ISV,10,Indeks Kualitas Lingkungan Hidup,Indeks Kualitas Lingkungan Hidup,Penurunan Emisi GRK menuju net zero emission,,indeks,,Kementeria Lingkungan Hidup,Dinas Lingkungan Hidup,Sosial,Tersedia s.d Kabupaten/Kota,Tersedia,Tahunan,2025,0,,TIDAK_MASUK_RPJMD,"Indikator 8.4.1(a) Rencana dan implementasi Strategi Pelaksanaan Sasaran Pola Konsumsi dan Produksi Berkelanjutan Konsep indikator global untuk target ini adalah melakukan kuantifikasi dan pemantauan atas perkembangan siklus kebijakan yang dibuat oleh negara-negara dalam menyusun instrumen kebijakan yang mengikat dan tidak mengikat, untuk mendukung perubahan menuju ke produksi dan konsumsi berkelanjutan. Indonesia, di bawah koordinasi Kementerian Lingkungan Hidup dan Kehutanan bersama dengan berbagai pihak, telah menyusun dan mengembangkan dokumen Kerangka Kerja 10 tahun Program Produksi dan Konsumsi Berkelanjutan (10YFP SCP).",,https://web-api.bps.go.id/download.php?f=OvjcO0MhAxndIOd7Oglj/0NFODVBTWlneUtjY05mZHVsdGNUQmsxVEFxOWUrKzZ1YmtPUmlEYzlwSXJ0YVdEWGZTbW85QldZY0RNYk5EN0lOdVJTTEljM0d2Q0M5UERsdHZvTlVRSjJRM0dZYWkycE5xOUk2Y0k4emFEN2RhdE9rOUw2OFRoVUVqSSs3WDRCWXJONFcybW1aSVZUWjhYditmWmVWYzh3MEVyeC9zdnRtSU5oNTlnUllDUFlOZ29NMEdkbjJlLzhGOXI5c3NEM1ZzZFZGTUM0TTEvZC9pZWMxOGZZc3dRak5IcVVGeTBEaEhDb1MzN1oxeU9HRkFieGFJb2ZCZXBYTTgxYlMxeGQwYWxzemY0U1hIK2N4bXZza3FrWW5nPT0=&_gl=1*1yrakoe*_ga*MzczNTkwNDAyLjE3NTg1NDQ5MTQ.*_ga_XXTTVXWHDB*czE3NzA2OTM1OTAkbzcwJGcxJHQxNzcwNjkzODc1JGo1NyRsMCRoMA..,https://www.bps.go.id/id/statistics-table/2/MjUzMSMy/indeks-kualitas-lingkungan-hidup-menurut-provinsi.html,
IUP-01,IUP,1,Usia Harapan Hidup,Usia Harapan Hidup,Transformasi Sosial,Kesehatan untuk Semua,,BPS,Kementerian Kesehatan,Dinas Kesehatan,Sosial,Tersedia s.d Kabupaten/Kota,Tersedia,Tahunan,2025,0,,MASUK_RPJMD,,(2024) https://sirusa.web.bps.go.id/metadata/indikator/43093,,"Badan Pusat Statistik Indonesia. (5 November 2025). [Metode Baru] Umur Harapan Hidup Saat Lahir (UHH) Hasil Long Form SP2020, 2025. Diakses pada 9 Februari 2026, dari https://www.bps.go.id/id/statistics-table/2/MjIwNiMy/-metode-baru--umur-harapan-hidup-saat-lahir--uhh--hasil-long-form-sp2020--tahun-.html",
IUP-02,IUP,2,Kesehatan Ibu dan Anak: Angka Kematian Ibu,Kesehatan Ibu dan Anak: Angka Kematian Ibu,Transformasi Sosial,Kesehatan untuk Semua,,BPS,Kementerian Kesehatan,Dinas Kesehatan,Sosial,Tersedia s.d Kabupaten/Kota,Tersedia,Tahunan,2025,0,,MASUK_RPJMD,,(2023) https://sirusa.web.bps.go.id/metadata/indikator/48470 Metadata Ada disini Nomor 2a https://drive.google.com/drive/folders/1bL0VYlLQayyiyu9GsR1cYf6pBZSRb_IE,AKI DKI Jakarta https://drive.google.com/file/d/1Q4IZGL-Y0JPIlVvOCgmL4zhdGVjKw4GR/view AKI Kota Semarang https://profil-kesehatan.dinkes.semarangkota.go.id/upload/publication/Profil%20Kesehatan%202022.pdf,,Angka Kematian Ibu tersedia dari Sensus Penduudk dan Supas (10 Tahunan). Tapi dari Dinas Kesehatan Provinsi dan Kabupaten/Kota tersedia per tahun
IUP-03,IUP,3,Kesehatan Ibu dan Anak: Prevalensi stunting (pendek dan sangat pendek) pada balita,Kesehatan Ibu dan Anak: Prevalensi stunting (pendek dan sangat pendek) pada balita,Transformasi Sosial,Kesehatan untuk Semua,pendek dan sangat pendek,Kementerian Kesehatan,Kementerian Kesehatan,Dinas Kesehatan,Sosial,Tersedia s.d Provinsi,Tersedia,Tahunan,2025,0,,MASUK_RPJMD,2.2.1 Prevalensi stunting (pendek dan sangat pendek) pada anak di bawah lima tahun/ balita,(2023) https://sirusa.web.bps.go.id/metadata/indikator/45665 Sesuai Buku Metadata Pilar Sosial Edisi II 2023 SDGs: https://license365bps-my.sharepoint.com/:b:/g/personal/rifky_ariyadi_license365bps_onmicrosoft_com/IQBi6msQP9OXR7It1eJX1FVvAXLRTuV9OvVnQu25itPObRA?e=PaCiW1,(2025) https://www.bps.go.id/id/publication/2025/12/30/8ffdc46aa817bf0c4c47e105/indikator-tujuan-pembangunan-berkelanjutan-indonesia-2025.html,https://www.bps.go.id/id/statistics-table/2/MTUzMSMy/prevalensi-balita-sangat-pendek-dan-pendek-menurut-kabupaten-kota-tahun-2018--persen-.html,Indikator merupakan indikator SDGs
IUP-04,IUP,4,Insidensi Tuberkulosis (per 100.000 penduduk),Insidensi Tuberkulosis (per 100.000 penduduk),Transformasi Sosial,Kesehatan untuk Semua,per 100.000 penduduk,Kementerian Kesehatan,Kementerian Kesehatan,Dinas Kesehatan,Sosial,Tersedia Nasional,Tersedia,Tahunan,2024,1,,MASUK_RPJMD,"3.3.2 Tuberculosis incidence per 100,000 population",,https://iris.who.int/server/api/core/bitstreams/e97dd6f4-b567-4396-8680-717bac6869a9/content,https://worldhealthorg.shinyapps.io/tb_profiles/?_inputs_&tab=%22charts%22&lan=%22EN%22&iso3=%22IDN%22&entity_type=%22country%22,Indikator Proxy (untuk level provinsi): 3a. Cakupan penemuan kasus TBC 3b. Angka keberhasilan pengobatan TBC (belum ada metadata untuk keduanya)
IUP-05,IUP,5,Persentase Penduduk yang Memiliki Jaminan Kesehatan Nasional (JKN),Cakupan kepesertaan jaminan kesehatan nasional,Transformasi Sosial,Kesehatan untuk Semua,JKN,Kementerian Kesehatan,BPJS Kesehatan,BPJS,Sosial,Tersedia Nasional,Tersedia,Tahunan,2024,0,,MASUK_RPJMD,,,,Proxy IUP 4 Persentase Penduduk yang Memiliki Jaminan Kesehatan Nasional (JKN) Menurut Provinsi.csv,Menggunakan data Susenas: Persentase Penduduk yang Memiliki Jaminan Kesehatan Nasional (JKN) Menurut Provinsi
IUP-06,IUP,6,Rata-rata Nilai Pembelajaran,Hasil Pembelajaran: Rata-rata nilai PISA - Membaca,Transformasi Sosial,Pendidikan Berkualitas yang Merata,,OECD,Kementerian Pendidikan Dasar dan Menengah,Dinas Pendidikan,Sosial,Tersedia Nasional,Tersedia,Tahunan,,1,% satuan pendidikan yang mencapai standar kompetensi minimum pada asesmen nasional untuk Literasi Membaca,TIDAK_MASUK_RPJMD,4.1.1,,https://www.oecd.org/en/about/programmes/pisa/pisa-data.html#methodology tech standards : https://www.oecd.org/content/dam/oecd/en/about/programmes/edu/pisa/publications/technical-standards/PISA_2025_Technical_Standards.pdf framework : https://www.oecd.org/content/dam/oecd/en/publications/reports/2023/08/pisa-2022-assessment-and-analytical-framework_a124aec8/dfe0bf9c-en.pdf,https://www.oecd.org/content/dam/oecd/en/publications/reports/2023/12/pisa-2022-results-volume-i_76772a36/53f23881-en.pdf,Indikator Proxy: % satuan pendidikan yang mencapai standar kompetensi minimum pada asesmen nasional untuk Literasi Membaca
IUP-07,IUP,7,Hasil Pembelajaran: Rata-rata nilai PISA - Matematika,Hasil Pembelajaran: Rata-rata nilai PISA - Matematika,Transformasi Sosial,Pendidikan Berkualitas yang Merata,,OECD,Kementerian Pendidikan Dasar dan Menengah,,Sosial,Tersedia Nasional,Tersedia,Tahunan,,1,% satuan pendidikan yang mencapai standar kompetensi minimum pada asesmen nasional untuk Numerasi,TIDAK_MASUK_RPJMD,,,https://www.oecd.org/en/publications/pisa-2022-results-volume-i-and-ii-country-notes_ed6fbcc5-en/indonesia_c2e1ae0e-en.html,https://data.go.id/dataset/dataset/rata-rata-nilai-programme-for-international-student-assessment-pisa-matematika-membaca-sai-2024,Indikator Proxy: % satuan pendidikan yang mencapai standar kompetensi minimum pada asesmen nasional untuk Numerasi
IUP-08,IUP,8,Hasil Pembelajaran: Rata-rata nilai PISA - Sains,Hasil Pembelajaran: Rata-rata nilai PISA - Sains,Transformasi Sosial,Pendidikan Berkualitas yang Merata,,OECD,Kementerian Pendidikan Dasar dan Menengah,Dinas Pendidikan,Sosial,Tersedia Nasional,Tersedia,,,0,,TIDAK_MASUK_RPJMD,,,,,
IUP-09,IUP,9,Hasil Pembelajaran: Rata-rata nilai asesmen nasional Literasi - Membaca,Hasil Pembelajaran: Rata-rata nilai asesmen nasional Literasi - Membaca,Transformasi Sosial,Pendidikan Berkualitas yang Merata,,Kemendikdasmen,Kementerian Pendidikan Dasar dan Menengah,Dinas Pendidikan,Sosial,Tersedia Nasional,Tersedia,Tahunan,,1,,TIDAK_MASUK_RPJMD,"mirip dengan SDGs 4.1.1. a Proporsi anak-anak dan remaja di: (a) kelas 5 (b) kelas 8, dan (c) kelas 11 yang mencapai setidaknya tingkat kemahiran minimum dalam: (i) membaca, (ii) matematika.",Metadata Ada di disini Nomor 5b https://drive.google.com/drive/folders/1bL0VYlLQayyiyu9GsR1cYf6pBZSRb_IE,Nilai Asesmen Nasional merupakan Nilai Hasil Ujian yang dilakukan oleh Kemdikbud https://pusmendik.kemdikbud.go.id/pdf/file-171 Datanya ada disini tapi Website Kemdikbud Error https://data.kemendikdasmen.go.id/dataset/p/asesmen-nasional/rapor-publik-asesmen-nasional-2024-peserta-didik-2024-indonesia-2,,- Proxy Untuk Provinsi: Persentase kab/kota yang mencapai standar kompetensi minimum pada asesmen tingkat nasional untuk membaca & Persentase satuan pendidikan yang mencapai standar kompetensi minimum pada asesmen tingkat nasional untuk membaca. - Proxy untuk Kab/Kota: Persentase satuan pendidikan yang mencapai standar kompetensi minimum pada asesmen tingkat nasional untuk membaca.
IUP-10,IUP,10,Hasil Pembelajaran: Rata-rata nilai asesmen nasional Literasi - Numerasi,Hasil Pembelajaran: Rata-rata nilai asesmen nasional Literasi - Numerasi,Transformasi Sosial,Pendidikan Berkualitas yang Merata,,Kemendikdasmen,Kementerian Pendidikan Dasar dan Menengah,Setda-Biro Kesra,Sosial,Tersedia Nasional,Tersedia,Tahunan,,1,,TIDAK_MASUK_RPJMD,"mirip dengan SDGs 4.1.1. a Proporsi anak-anak dan remaja di: (a) kelas 5 (b) kelas 8, dan (c) kelas 11 yang mencapai setidaknya tingkat kemahiran minimum dalam: (i) membaca, (ii) matematika.",Metadata Ada di disini Nomor 5b https://drive.google.com/drive/folders/1bL0VYlLQayyiyu9GsR1cYf6pBZSRb_IE,Nilai Asesmen Nasional merupakan Nilai Hasil Ujian yang dilakukan oleh Kemdikbud https://pusmendik.kemdikbud.go.id/pdf/file-171 Datanya ada disini tapi Website Kemdikbud Error https://data.kemendikdasmen.go.id/dataset/p/asesmen-nasional/rapor-publik-asesmen-nasional-2024-peserta-didik-2024-indonesia-2,,- Proxy Untuk Provinsi: Persentase kab/kota yang mencapai standar kompetensi minimum pada asesmen tingkat nasional untuk numerasi & Persentase satuan pendidikan yang mencapai standar kompetensi minimum pada asesmen tingkat nasional untuk numerasi. - Proxy untuk Kab/Kota: Persentase satuan pendidikan yang mencapai standar kompetensi minimum pada asesmen tingkat nasional untuk numerasi.
IUP-11,IUP,11,Hasil Pembelajaran: Rata-rata lama sekolah penduduk usia di atas 15 tahun (tahun),Hasil Pembelajaran: Rata-rata lama sekolah penduduk usia di atas 15 tahun (tahun),Transformasi Sosial,Pendidikan Berkualitas yang Merata,tahun,BPS,Kementerian Pendidikan Dasar dan Menengah,Dinas Pendidikan,Sosial,Tersedia s.d Kabupaten/Kota,Tersedia,Tahunan,2025,0,,MASUK_RPJMD,,(2005) https://sirusa.web.bps.go.id/metadata/indikator/1021,,https://www.bps.go.id/id/statistics-table/2/NDE1IzI=/-metode-baru-rata-rata-lama-sekolah.html,
IUP-12,IUP,12,Hasil Pembelajaran: Harapan lama sekolah,Hasil Pembelajaran: Harapan lama sekolah,Transformasi Sosial,Pendidikan Berkualitas yang Merata,,BPS,"Kementerian Pendidikan, Kebudayaan, Riset dan Teknologi (perlu konfirmasi apakah Dikdasmen atau Dikti)",Dinas Sosial,Sosial,Tersedia s.d Kabupaten/Kota,Tersedia,Tahunan,2025,0,,MASUK_RPJMD,,2023) https://sirusa.web.bps.go.id/metadata/indikator/50575,,IUP 5d Harapan Lama Sekolah - Metode Baru.csv,
IUP-13,IUP,13,APK Perguruan Tinggi,APK Pendidikan Tinggi,Transformasi Sosial,Pendidikan Berkualitas yang Merata,,BPS,Kementerian Pendidikan Tinggi,Dinas Ketenagakerjaan dan Migrasi,Sosial,Tersedia s.d Provinsi,Tersedia,Tahunan,2025,1,Proporsi Penduduk Berusia 15 Tahun ke atas yang Berkualifikasi Pendidikan Tinggi (%),TIDAK_MASUK_RPJMD,4.3.1.(b),(2023) https://sirusa.web.bps.go.id/metadata/indikator/48466,,https://www.bps.go.id/id/statistics-table/2/MTQ0MyMy/angka-partisipasi-kasar-apk-perguruan-tinggi-pt-menurut-provinsi.html,
IUP-14,IUP,14,Persentase pekerja lulusan pendidikan menengah dan tinggi yang bekerja di bidang keahlian menengah tinggi,Persentase pekerja lulusan pendidikan menengah dan tinggi yang bekerja di bidang keahlian menengah tinggi,Transformasi Sosial,Pendidikan Berkualitas yang Merata,,BPS,"Kementerian Pendidikan, Kebudayaan, Riset dan Teknologi (perlu konfirmasi apakah Dikdasmen atau Dikti)",Dinas Perindustrian dan Perdagangan,Sosial,Tersedia Nasional,Tersedia,Tahunan,,0,,MASUK_RPJMD,,,atudata.kemnaker.go.id/satudata-public/2025/04/files/publikasi/1765197145548_Laporan%2520APK%2520per%2520101125%2520ttd%2520Dirjen.pdf,https://www.bps.go.id/id/statistics-table/2/MTE3OSMy/tingkat-pengangguran-terbuka-berdasarkan-tingkat-pendidikan.html,Tingkat pengangguran berdasarkan tingkat pendidikan
IUP-15,IUP,15,Persentase Penduduk yang Hidup di Bawah Garis Kemiskinan Nasional,Tingkat Kemiskinan,Transformasi Sosial,Perlindungan Sosial yang Adaptif,,BPS,Multisektoral (27 K/L; Inpres No. 4 Tahun 2022),Dinas Perindustrian dan Perdagangan,Sosial,Tersedia s.d Kabupaten/Kota,Tersedia,Semesteran,2025,0,,TIDAK_MASUK_RPJMD,"1.2.1* Persentase penduduk yang hidup di bawah garis kemiskinan nasional, menurut jenis kelamin dan kelompok umur",Nasional : https://sirusa.web.bps.go.id/metadata/indikator/46113 (2013) https://sirusa.web.bps.go.id/metadata/indikator/118 Madiun (2025) https://sirusa.web.bps.go.id/metadata/indikator/86277 Lampung (2024) https://sirusa.web.bps.go.id/metadata/indikator/48140 Kab. Sambas (2024) https://sirusa.web.bps.go.id/metadata/indikator/46219 Kab. Sidenreng Rappang (2024 2023) https://sirusa.web.bps.go.id/metadata/indikator/56001,,https://docs.google.com/spreadsheets/d/1iLxf9omlEdU-HVozKx9CrMzIkB0QLdWe/edit?usp=sharing&ouid=116167848821916757688&rtpof=true&sd=true,Juga termasuk ISV
IUP-16,IUP,16,Cakupan kepesertaan jaminan sosial ketenagakerjaan,Cakupan kepesertaan jaminan sosial ketenagakerjaan,Transformasi Sosial,Perlindungan Sosial yang Adaptif,,"Dit. Kependudukan dan Jaminan Sosial, Bappenas",Kementerian Koordinator Bidang Ketenagakerjaan,Dinas Pariwisata,Sosial,Tersedia s.d Provinsi,Tersedia,Tahunan,2024,0,,MASUK_RPJMD,,Metadata Nomor 9 https://drive.google.com/drive/folders/1bL0VYlLQayyiyu9GsR1cYf6pBZSRb_IE dengan koreksi jumlah penduduk bekerja didapat dari Sakernas tepatnya,Data Kepersetaan BPJS TK Per Provinsi https://satudata.kemnaker.go.id/data/kumpulan-data/1151,,Jumlah Kepersetaan BPJS Ketenagakerjaan dari BPJS TK. Jumlah Penduduk Bekerja tepatnya dari Sakernas bukan Susenas seperti yang tertuang di Metadata Bappenas.
IUP-17,IUP,17,Persentase penyandang disabilitas bekerja di sektor formal (%),Persentase penyandang disabilitas bekerja di sektor formal (%),Transformasi Sosial,Perlindungan Sosial yang Adaptif,%,BPS,Kementerian Ketenagakerjaan,Dinas Pariwisata,Sosial,Tersedia Nasional,Tidak Tersedia,Tahunan,,0,,MASUK_RPJMD,-,,https://www.bps.go.id/id/publication/2024/12/20/43880dc0f8be5ab92199f8b9/potret-penyandang-disabilitas-di-indonesia--hasil-long-form-sp2020.html,,"Data ada pada hasil longform sensus penduduk 2020, tapi disabilitasnya dibedakan menjadi tipe 1 dan tipe 3"
IUP-18,IUP,18,Produktivitas Industri dan Pertanian: Rasio PDB Industri Pengolahan (%),Produktivitas Industri dan Pertanian: Rasio PDB Industri Pengolahan (%),Transformasi Ekonomi,"lptek, lnovasi, dan Produktivitas Ekonomi",%,BPS,Kementerian Perindustrian,Dinas Pariwisata,Nerwilis,Tersedia s.d Kabupaten/Kota,Tersedia,Tahunan,2025,0,,TIDAK_MASUK_RPJMD,,,,https://www.bps.go.id/id/statistics-table/3/UzFSTVVXUlliME5XYzBZNUwwNVFRa3h6Y1d3M1p6MDkjMw==/produk-domestik-bruto-atas-dasar-harga-berlaku-menurut-lapangan-usaha--miliar-rupiah---2023.html?year=2024,
IUP-19,IUP,19,"Produktivitas Industri dan Pertanian: Pertumbuhan PDB Pertanian, Kehutanan dan Perikanan (%)","Produktivitas Industri dan Pertanian: Pertumbuhan PDB Pertanian, Kehutanan dan Perikanan (%)",Transformasi Ekonomi,"lptek, lnovasi, dan Produktivitas Ekonomi",%,BPS,Kemenko Pangan,"Dinas Koperasi, UKM",Nerwilis,Tersedia Nasional,Tidak Tersedia,,,0,,TIDAK_MASUK_RPJMD,,,,https://drive.google.com/file/d/1-zFE0EbPQZGu8UbuxVam-k2dditjffkL/view?usp=drive_link,
IUP-20,IUP,20,Rasio PDB Pariwisata,Pengembangan pariwisata: Rasio PDB Pariwisata,Transformasi Ekonomi,"lptek, lnovasi, dan Produktivitas Ekonomi",rasio,BPS,Kementerian Pariwisata,"Dinas Koperasi, UKM",Nerwilis,Tersedia Nasional,Tidak Tersedia,Tahunan,,1,Rasio PDRB Penyediaan Akomodasi Makan dan Minum (%),TIDAK_MASUK_RPJMD,,(2023) https://sirusa.web.bps.go.id/metadata/indikator/48438,https://www.bps.go.id/id/publication/2023/06/29/4293acd4c70c003f804fab9d/tourism-satellite-account-indonesia-2017-2021.html,https://www.bps.go.id/id/statistics-table/2/MTE4OCMy/proporsi-kontribusi-pariwisata-terhadap-pdb--persen-.html (data terbaru tahun 2017),indikator proxy untuk level provinsi : Rasio PDRB Penyediaan Akomodasi Makan dan Minum (%)
IUP-21,IUP,21,Pengembangan pariwisata: Devisa Pariwisata,Pengembangan pariwisata: Devisa Pariwisata,Transformasi Ekonomi,"lptek, lnovasi, dan Produktivitas Ekonomi",,Kementerian Pariwisata dan Ekonomi Kreatif / Badan Pariwisata dan Ekonomi Kreatif (konfirmasi Bank Indonesia),Kementerian Pariwisata,"Dinas Koperasi, UKM",Distribusi,Tersedia Nasional,Tersedia,Tahunan,2025,1,Jumlah Tamu Wisatawan Mancanegara (Ribu Orang),TIDAK_MASUK_RPJMD,,,"https://www.bi.go.id/id/publikasi/laporan/Documents/Indonesia-Tourism-Outlook-2025-2026.pdf#:~:text=devisa%20pariwisata%20berangsur%20naik%20pada,dolar%20AS%20atau%20hampir%20mendekati",https://kemenpar.go.id/statistik-devisa-pariwisata,12.b Devisa Pariwisata
IUP-22,IUP,22,Proporsi PDB Ekonomi Kreatif,Proporsi PDB Ekonomi Kreatif,Transformasi Ekonomi,"lptek, lnovasi, dan Produktivitas Ekonomi",,BPS (belum pernah dihitung oleh BPS),Kementerian Ekraf/Badan ekonomi,"Dinas Koperasi, UKM",Nerwilis,Tidak Tersedia,Tidak Tersedia,Tahunan,,1,Nilai Tambah Ekonomi Kreatif (Rupiah),MASUK_RPJMD,,,https://jakarta.bps.go.id/id/publication/2019/12/31/6158504af2c2c62597990070/laporan-studi-penyusunan-pdrb-ekonomi-kreatif-provinsi-dki-jakarta.html,,Hanya tersedia di provinsi DKI Jakarta
IUP-23,IUP,23,"Produktivitas UMKM, Koperasi, BUMN: Proporsi Jumlah Usaha Kecil dan Menengah","Produktivitas UMKM, Koperasi, BUMN: Proporsi Jumlah Usaha Kecil dan Menengah",Transformasi Ekonomi,"lptek, lnovasi, dan Produktivitas Ekonomi",,Kementerian Usaha Kecil dan Menengah (konfirmasi BPS),Kementerian Usaha Kecil dan Menengah,Dinas Tenaga Kerja dan Transmigrasi,Distribusi,Tidak Tersedia,Tersedia,Tahunan,2024,1,Proporsi Jumlah Usaha Kecil dan Menengah Non Pertanian pada Level Provinsi,MASUK_RPJMD,,Metadata Nomor 14 https://drive.google.com/drive/folders/1bL0VYlLQayyiyu9GsR1cYf6pBZSRb_IE,https://opendata.jabarprov.go.id/id/dataset/proyeksi-jumlah-usaha-mikro-kecil-menengah-umkm-berdasarkan-kabupatenkota-di-jawa-barat https://satudata.umkm.go.id/custom-dashboard/,,Jumlah UMKM dan Koperasi dapat diperoleh dari Dinas Koperasi dan UMKM (Tapi Proyeksi) atau Kementerian UMKM dan Koperasi (Tapi Perlu Login)
IUP-24,IUP,24,"Produktivitas UMKM, Koperasi, BUMN: Rasio Kewirausahaan","Produktivitas UMKM, Koperasi, BUMN: Rasio Kewirausahaan",Transformasi Ekonomi,"lptek, lnovasi, dan Produktivitas Ekonomi",rasio,Kementerian Usaha Kecil dan Menengah (konfirmasi BPS),Kementerian Usaha Kecil dan Menengah,Dinas Tenaga Kerja dan Transmigrasi,Sosial,Tidak Tersedia,Tersedia,Tahunan,2024,0,,MASUK_RPJMD,,,,,
IUP-25,IUP,25,"Produktivitas UMKM, Koperasi, BUMN: Rasio Volume Usaha Koperasi terhadap PDB","Produktivitas UMKM, Koperasi, BUMN: Rasio Volume Usaha Koperasi terhadap PDB",Transformasi Ekonomi,"lptek, lnovasi, dan Produktivitas Ekonomi",rasio,Kementerian Koperasi,Kementerian Koperasi,Dinas P3A,Nerwilis,Tidak Tersedia,Tersedia,Tahunan,2024,1,Rasio Volume Usaha Koperasi terhadap PDRB,MASUK_RPJMD,,,,,
IUP-26,IUP,26,"Produktivitas UMKM, Koperasi, BUMN: d. Return on Asset (ROA) BUMN","Produktivitas UMKM, Koperasi, BUMN: d. Return on Asset (ROA) BUMN",Transformasi Ekonomi,"lptek, lnovasi, dan Produktivitas Ekonomi",ROA,Kementerian PPN/Bappenas,Kementerian BUMN,BAPPEDA,Distribusi,Tersedia Nasional,Tidak Tersedia,Tahunan,,1,Return on Asset (ROA) BUMD,MASUK_RPJMD,,https://sdi.beltim.go.id/kodref/02.08.040,,2024 2.83% 2023 3.14% 2022 3.16% 2021 1.39% 2020 0.16%,Dihitung dari laba bersih (laba tahun berjalan) / total asset
IUP-27,IUP,27,Tingkat Pengangguran terbuka,Penciptaan Lapangan Kerja yang Baik: Tingkat Pengangguran Terbuka,Transformasi Ekonomi,"lptek, lnovasi, dan Produktivitas Ekonomi",,BPS,Kementerian Koordinator Bidang Perekonomian,Dinas ESDM,Sosial,Tersedia s.d Kabupaten/Kota,Tersedia,Semesteran,2025,0,,MASUK_RPJMD,8.5.2,(2023) https://sirusa.web.bps.go.id/metadata/indikator/48426,https://www.bps.go.id/id/publication/2026/01/12/7cafd1df082c81784e0e15f8/booklet-sakernas-agustus-2025.html,https://www.bps.go.id/id/statistics-table/2/NTQzIzI=/tingkat-pengangguran-terbuka--agustus-2025.html https://jabar.bps.go.id/id/statistics-table/2/NzMjMg==/tingkat-pengangguran-terbuka-kabupaten-kota.html,
IUP-28,IUP,28,Penciptaan Lapangan Kerja yang Baik: Proporsi Penciptaan Lapangan Kerja Formal (%),Penciptaan Lapangan Kerja yang Baik: Proporsi Penciptaan Lapangan Kerja Formal (%),Transformasi Ekonomi,"lptek, lnovasi, dan Produktivitas Ekonomi",%,Kementerian Koordinator Bidang Perekonomian,Kementerian Koordinator Bidang Perekonomian,BRIDA,Sosial,Tersedia s.d Kabupaten/Kota,Tersedia,Tahunan,,0,,MASUK_RPJMD,,,https://web-api.bps.go.id/download.php?f=P7DeZnTJ65FkJQ1qE3dB9GRMQ2h1dzhCRnZ6SFA1QTRzMWNLODdyWjZ4V3k0SHJxK2YvSWpmTHYzNlNRYjBIbHkydTR6eEFIMklNV1pTZng2NlpaM2d2OThCYUZxLzJKNzJUbWY5eGJKZUk4UXNJNlRYQ0ttUi9PR3l5ZVlOSm0zZkQ0UWVxbk40OEJmZ0RrTC9HS3pyMVpKR2NMTWVOclFFUjBvK0xTWlpwYTk0N2ZjalFmR2F3UkhjZDFQVnRBS2pQR1ZpUE91NzZ1SERvTkdpTjVBeXJLNllrSTNYTU1WRnM0QnpJdUI5YklZSks5ZW0rMWQvS3JCV0FlTXJ0MWd5bGttQURtZFdxdWhpTms=&_gl=1*24jkot*_ga*MzczNTkwNDAyLjE3NTg1NDQ5MTQ.*_ga_XXTTVXWHDB*czE3NzEzODExMDEkbzcyJGcxJHQxNzcxMzgxMzg4JGoxNyRsMCRoMA..,https://satudata.dharmasrayakab.go.id/id/dataset/proporsi-penciptaan-lapangan-kerja-formal,"untuk SDGs adanya Proporsi lapangan kerja informal, berdasarkan sektor dan jenis kelamin. pada indikator 8.3.1"
IUP-29,IUP,29,Tingkat Partisipasi Angkatan Kerja Perempuan,Tingkat Partisipasi Angkatan Kerja Perempuan,Transformasi Ekonomi,"lptek, lnovasi, dan Produktivitas Ekonomi",,BPS,Kementerian Koordinator Bidang Perekonomian,Dinas Perindustrian dan Perdagangan,Sosial,Tersedia s.d Kabupaten/Kota,Tersedia,Semesteran,2025,0,,MASUK_RPJMD,,Semarang (2023) https://sirusa.web.bps.go.id/metadata/indikator/63112,,https://www.bps.go.id/id/statistics-table/2/MjIwMCMy/tingkat-partisipasi-angkatan-kerja-menurut-jenis-kelamin.html,
IUP-30,IUP,30,Tingkat Penguasaan IPTEK: Pengeluaran Iptek dan Inovasi (Persen PDB),Tingkat Penguasaan IPTEK: Pengeluaran Iptek dan Inovasi (Persen PDB),Transformasi Ekonomi,"lptek, lnovasi, dan Produktivitas Ekonomi",Persen PDB,Badan Riset dan Inovasi Nasional,Badan Riset dan Inovasi Nasional,Dinas Penanaman Modal dan Pelayanan Terpatu Satu Pintu,Nerwilis,Tidak Tersedia,Tidak Tersedia,,,0,,MASUK_RPJMD,,Metadata Nomor 17a https://drive.google.com/drive/folders/1bL0VYlLQayyiyu9GsR1cYf6pBZSRb_IE,,,17a Pengeluaran IPTEK dan Inovasi Yang Anggaran Riset Pemerintah ada di APBN dan APBD namun riset swasta tidak tersedia.
IUP-31,IUP,31,Tingkat Penguasaan IPTEK: Peringkat Indeks Inovasi Global (peringkat),Tingkat Penguasaan IPTEK: Peringkat Indeks Inovasi Global (peringkat),Transformasi Ekonomi,"lptek, lnovasi, dan Produktivitas Ekonomi",peringkat,World Intellectual Property Organization (WIPO),Badan Riset dan Inovasi Nasional,Dinas Perindustrian dan Perdagangan,Nerwilis,Tersedia Nasional,Tersedia,Tahunan,2025,1,Indeks Inovasi Daerah,MASUK_RPJMD,,,,,https://www.wipo.int/publications/en/series/index.jsp?id=129
IUP-32,IUP,32,Tingkat Penerapan Ekonomi Hijau: Indeks Ekonomi Hijau,Tingkat Penerapan Ekonomi Hijau: Indeks Ekonomi Hijau,Transformasi Ekonomi,Penerapan Ekonomi Hijau,indeks,Kementerian PPN/Bappenas,Kementerian PPN/Bappenas,Dinas Perkimtan,Nerwilis,Tersedia Nasional,Tersedia,Tahunan,2023,0,,MASUK_RPJMD,,,https://lcdi-indonesia.id/wp-content/uploads/2022/08/Green-Economy-Index-A-Step-Forward-to-Measure-the-Progress-of-Low-Carbon-and-Green-Economy-in-Indonesia.pdf,,
IUP-33,IUP,33,Tingkat Penerapan Ekonomi Hijau: Porsi EBT dalam Bauran Energi Primer (%),Tingkat Penerapan Ekonomi Hijau: Porsi EBT dalam Bauran Energi Primer (%),Transformasi Ekonomi,Penerapan Ekonomi Hijau,%,Kementerian Energi dan Sumber Daya Mineral,Kementerian Energi dan Sumber Daya Mineral,Dinas Pemberdayaan Masyarakat Desa,Produksi,Tersedia Nasional,Tersedia,Tahunan,2024,0,,MASUK_RPJMD,,,https://www.esdm.go.id/en/publication/handbook-of-energy-economic-statistics-of-indonesia-heesi https://www.esdm.go.id/assets/media/content/content-laporan-kinerja-ditjen-ebtke-tahun-2024.pdf,"2024 14,7% 2023 13,3% 2022 11,9% 2021 11,8% 2020 10,9% 2019 9,2% 2018 8,6% 2017 6,7%",Berapa persen energi yang digunakan suatu negara berasal dari energi terbarukan dibandingkan seluruh sumber energi yang dipakai. \text{Porsi EBT} = \frac{\text{Total energi dari EBT}}{\text{Total seluruh energi primer}} \times 100\%
IUP-34,IUP,34,Indeks Daya Saing Digital di Tingkat Global (Peringkat),Indeks Daya Saing Digital di Tingkat Global (Peringkat),Transformasi Digital,Transformasi Digital,Peringkat,International Institute for Management Development,Kementerian Komunikasi dan Digital,Setda-Biro Organisasi,Nerwilis,Tersedia Nasional,Tersedia,Tahunan,2024,1,Indeks Pembangunan Teknologi Informasi dan Komunikasi,TIDAK_MASUK_RPJMD,,2025 (latest) 19. Indeks Daya Saing Digital di Tingkat Global (Peringkat),https://www.imd.org/entity-profile/indonesia-digital/,,World Digital Competitiveness Ranking 2025 - IMD business school for management and leadership courses
IUP-35,IUP,35,Biaya Logistik (% PDB),Biaya Logistik (% PDB),Transformasi Digital,Integrasi Ekonomi Global,% PDB,Kementerian PPN/Bappenas,Kementerian Koordinator Bidang Perekonomian,Diskominfosantik,Nerwilis,Tidak Tersedia,Tidak Tersedia,Tahunan,,1,Koefisien Variasi Harga Antar Wilayah Tingkat Provinsi,TIDAK_MASUK_RPJMD,,,https://www.pelindo.co.id/media/download/507/biaya-logistik-di-indonesia-turun-40-persen-dalam-lima-tahun,,
IUP-36,IUP,36,Pembentukan Modal Tetap Bruto (% PDB),Pembentukan Modal Tetap Bruto (% PDB),Transformasi Digital,Integrasi Ekonomi Global,% PDB,BPS,Kementerian Koordinator Bidang Perekonomian,Setda-Biro Organisasi,Nerwilis,Tersedia s.d Kabupaten/Kota,Tersedia,Triwulanan,2025,0,,MASUK_RPJMD,,,,https://www.bps.go.id/id/statistics-table/2/MjUzNyMy/pdrb-triwulanan-atas-dasar-harga-konstan--2010-100--menurut-pengeluaran-di-kabupaten-kota-seluruh-indonesia--milyar-rupiah-.html,
IUP-37,IUP,37,Ekspor Barang dan Jasa (%PDB),Ekspor Barang dan Jasa (%PDB),Transformasi Digital,Integrasi Ekonomi Global,%PDB,BPS,Kementerian Perdagangan,Setda-Biro Organisasi,Nerwilis,Tersedia s.d Kabupaten/Kota,Tersedia,Bulanan,2025,1,Ekspor Barang dan Jasa (% PDRB),MASUK_RPJMD,,Metadata Nomor 22 https://drive.google.com/drive/folders/1bL0VYlLQayyiyu9GsR1cYf6pBZSRb_IE,https://www.bps.go.id/id/publication/2025/06/10/ca543e942579ced46afd603b/produk-domestik-regional-bruto-kabupaten-kota-di-indonesia-2020-2024.html,,Terdapat Data Ekspor dalam PDRB hingga level Kabupaten/Kota
IUP-38,IUP,38,"Kota Maju, Inklusif, dan Berkelanjutan: Proporsi kontribusi PDRB wilayah metropolitan terhadap nasional (%)","Kota Maju, Inklusif, dan Berkelanjutan: Proporsi kontribusi PDRB wilayah metropolitan terhadap nasional (%)",Transformasi Digital,Perkotaan dan Perdesaan sebagai Pusat Pertumbuhan Ekonomi,%,BPS,Kementerian Pekerjaan Umum,Setda-Biro Organisasi,Nerwilis,Tersedia s.d Provinsi,Tidak Tersedia,Tahunan,,0,,TIDAK_MASUK_RPJMD,,,,,Bisa dihitung dari PDRB Kab/Kota yang masuk wilayah metropolitan dalam provinsi terkait. Proksi:
IUP-39,IUP,39,"Kota Maju, Inklusif, dan Berkelanjutan: Rumah tangga dengan akses hunian layak, terjangkau, dan berkelanjutan (%)","Kota Maju, Inklusif, dan Berkelanjutan: Rumah tangga dengan akses hunian layak, terjangkau, dan berkelanjutan (%)",Transformasi Digital,Perkotaan dan Perdesaan sebagai Pusat Pertumbuhan Ekonomi,%,BPS,Kementerian Perumahan dan Kawasan Permukiman,Badan Kesatuan Bangsa dan Politik Daerah,Sosial,Tersedia s.d Kabupaten/Kota,Tersedia,Tahunan,2025,0,,MASUK_RPJMD,"11.1.1 Proportion of urban population living in slums, informal settlements or inadequate housing",(2023) https://sirusa.web.bps.go.id/metadata/indikator/48422,,,
IUP-40,IUP,40,"Kota Maju, Inklusif, dan Berkelanjutan: Persentase Desa Mandiri (%)","Kota Maju, Inklusif, dan Berkelanjutan: Persentase Desa Mandiri (%)",Transformasi Digital,Perkotaan dan Perdesaan sebagai Pusat Pertumbuhan Ekonomi,%,Kemendesa PDTT,Kemendesa PDTT,BAPENDA,Sosial,Tersedia Nasional,Tersedia,Tahunan,2025,0,,MASUK_RPJMD,,,,,
IUP-41,IUP,41,Indeks Materi Hukum,Indeks Materi Hukum,Transformasi Tata Kelola,Regulasi dan Tata kelola yang Berintegritas dan Adaptif,indeks,Kementerian PPN/Bappenas,Kementerian Hukum,Badan Kesatuan Bangsa dan Politik Daerah,Sosial,Tersedia Nasional,Tersedia,Tahunan,2025,1,Indeks Reformasi Hukum,TIDAK_MASUK_RPJMD,,https://share.google/Ie2Bhetzpy3IYSWS8,,https://data.go.id/dataset/dataset/indeks-pembangunan-hukum,
IUP-42,IUP,42,Indeks Sistem Pemerintahan Berbasis Elektronik,Indeks Sistem Pemerintahan Berbasis Elektronik,Transformasi Tata Kelola,Regulasi dan Tata kelola yang Berintegritas dan Adaptif,indeks,Kementerian Pendayagunaan Aparatur Negara dan Reformasi Birokrasi,Kementerian Pendayagunaan Aparatur Negara dan Reformasi Birokrasi,Bappenda dan BKAD,Distribusi,Tersedia s.d Kabupaten/Kota,Tersedia,Tahunan,2025,0,,MASUK_RPJMD,,,,https://data.go.id/dataset/dataset/indeks-spbe10,
IUP-43,IUP,43,Indeks Pelayanan Publik,Indeks Pelayanan Publik,Transformasi Tata Kelola,Regulasi dan Tata kelola yang Berintegritas dan Adaptif,indeks,Kementerian Pendayagunaan Aparatur Negara dan Reformasi Birokrasi,Kementerian Pendayagunaan Aparatur Negara dan Reformasi Birokrasi,BPS,Nerwilis,Tersedia s.d Provinsi,Tersedia,Tahunan,2025,0,,MASUK_RPJMD,,,https://www.menpan.go.id/site/download/file/5618-1-indeks-pelayanan-publik,https://opendata.jabarprov.go.id/id/dataset/indeks-pelayanan-publik-berdasarkan-provinsi-di-indonesia-53,Tersedia hanya untuk 91 Kota 382 Kabupaten
IUP-44,IUP,44,Anti Korupsi: Indeks Integritas Nasional -,Anti Korupsi: Indeks Integritas Nasional -,Transformasi Tata Kelola,Regulasi dan Tata kelola yang Berintegritas dan Adaptif,indeks,KPK (Dit. Monitoring KPK),KPK,Setda-Biro Ekonomi,Sosial,Tersedia s.d Kabupaten/Kota,Tersedia,Tahunan,2025,0,,MASUK_RPJMD,,Metadata Nomor 27 https://drive.google.com/drive/folders/1bL0VYlLQayyiyu9GsR1cYf6pBZSRb_IE,https://spi.kpk.go.id/dashboard/hasil/,,1) Indeks juga dihitung untuk K/L dan BUMN. 2) Untuk K/L dan BUMN dihitung s/d eselon I dan Kantor Perwakilan di tingkat Provinsi. 3) Dihitung juga untuk Pemerintahan Daerah sampai tk kabupaten/kota
IUP-45,IUP,45,Anti Korupsi: Indeks Persepsi Korupsi,Anti Korupsi: Indeks Persepsi Korupsi,Transformasi Tata Kelola,Regulasi dan Tata kelola yang Berintegritas dan Adaptif,indeks,Kementerian PPN/Bappenas,Pengampu belum tersedia,Setda-Biro Ekonomi,Sosial,Tersedia Nasional,Tidak Tersedia,,,0,,TIDAK_MASUK_RPJMD,,,[Solok] https://ppid.kemendagri.go.id/storage/dokumen/ySU39fK8LzjMeRSWsT9HdPmHc3FN9RrMr9Y3yN2S.pdf,,Ada di Amnesty International
IUP-46,IUP,46,Indeks Pembangunan Hukum,Indeks Pembangunan Hukum,"Supremasi Hukum, stabilitas, dan Kepemimpinan Indonesia","Hukum Berkeadilan, Keamanan Nasional",indeks,Kementerian PPN/Bappenas,Kementerian Hukum,Setda-Biro Ekonomi,Sosial,Tersedia Nasional,Tidak Tersedia,Tahunan,,1,a. Persentase Penegakan Hukum Peraturan Daerah b. Persentase Capaian Pelaksanaan Aksi HAM,TIDAK_MASUK_RPJMD,,https://share.google/Ie2Bhetzpy3IYSWS8,,https://data.go.id/dataset/dataset/indeks-pembangunan-hukum,
IUP-47,IUP,47,Proporsi Penduduk yang Merasa Aman Berjalan Sendirian di Area Tempat Tinggalnya (%),Proporsi Penduduk yang Merasa Aman Berjalan Sendirian di Area Tempat Tinggalnya (%),"Supremasi Hukum, stabilitas, dan Kepemimpinan Indonesia","Hukum Berkeadilan, Keamanan Nasional",%,BPS,Kepolisian Negara Republik Indonesia,Setda-Biro Ekonomi,Sosial,Tersedia s.d Provinsi,Tidak Tersedia,Tahunan,,0,,MASUK_RPJMD,,(2023) https://sirusa.web.bps.go.id/metadata/indikator/48302,,https://www.bps.go.id/id/statistics-table/2/MTMxMiMy/proporsi-penduduk-yang-merasa-aman-berjalan-sendirian-di-area-tempat-tinggalnya-.html,
IUP-48,IUP,48,Indeks Demokrasi Indonesia,Indeks Demokrasi Indonesia,"Supremasi Hukum, stabilitas, dan Kepemimpinan Indonesia",Tangguh dan Demokrasi,indeks,BPS,Kementerian Koordinator Bidang Politik dan Keamanan,OJK,Sosial,Tersedia s.d Provinsi,Tersedia,Tahunan,2025,0,,MASUK_RPJMD,,(2022) https://sirusa.web.bps.go.id/metadata/indikator/37930,https://www.bps.go.id/id/statistics-table/2/MjE2MCMy/-metode-baru--aspek-indeks-demokrasi-indonesia--idi--menurut-provinsi.html,https://www.bps.go.id/id/statistics-table/2/MjE2MCMy/-metode-baru--aspek-indeks-demokrasi-indonesia--idi--menurut-provinsi.html https://www.bi.go.id/id/statistik/ekonomi-keuangan/seki/Default.aspx#headingOne,
IUP-49,IUP,49,Rasio pajak terhadap PDB,Rasio pajak terhadap PDB,"Supremasi Hukum, stabilitas, dan Kepemimpinan Indonesia",Stabilitas Ekonomi Makro,rasio,Kemenkeu,Kemendagri,Bapperida,Nerwilis,Tersedia Nasional,Tidak Tersedia,Tahunan,,1,Rasio Pajak Daerah terhadap PDRB (%),MASUK_RPJMD,,Belum ada metadata di link https://drive.google.com/drive/folders/1bL0VYlLQayyiyu9GsR1cYf6pBZSRb_IE,https://data.go.id/dataset/dataset/rasio-pajak-terhadap-pdb,https://data.go.id/dataset/dataset/rasio-pajak-terhadap-pdb,Tersedia di DJPK terkait dengan Pendapatan APBD
IUP-50,IUP,50,Tingkat inflasi,Tingkat inflasi,"Supremasi Hukum, stabilitas, dan Kepemimpinan Indonesia",Stabilitas Ekonomi Makro,,BPS,Kementerian Koordinator Bidang Perekonomian,Bapperida,Distribusi,Tersedia s.d Kabupaten/Kota,Tersedia,Bulanan,2025,0,,MASUK_RPJMD,,(2025) https://sirusa.web.bps.go.id/metadata/indikator/82830,https://www.bps.go.id/id/pressrelease/2026/01/05/2527/inflasi-year-on-year--y-on-y--pada-desember-2025-sebesar-2-92-persen.html,,Tersedia sampai level Kab/Kota di 150 Kab/Kota Inflasi. Sisanya diproksi dengan menggunakan IPH
IUP-51,IUP,51,Pendalaman/ Intermediasi Sektor Keuangan: Aset Perbankan/PDB (%),Pendalaman/ Intermediasi Sektor Keuangan: Aset Perbankan/PDB (%),"Supremasi Hukum, stabilitas, dan Kepemimpinan Indonesia",Stabilitas Ekonomi Makro,%,Dit. Jasa Keuangan dan BUMN (Bappenas),Kementerian PPN/Bappenas,Badan Kesatuan Bangsa dan Politik Daerah,Nerwilis,Tersedia Nasional,Tidak Tersedia,Tahunan,,1,Total Dana Pihak Ketiga/PDRB (%),MASUK_RPJMD,,,,,Prov: Proksi -->Total Dana pihak ketiga/ PDRB
IUP-52,IUP,52,Pendalaman/ Intermediasi Sektor Keuangan: Aset Dana Pensiun /PDB (%),Pendalaman/ Intermediasi Sektor Keuangan: Aset Dana Pensiun /PDB (%),"Supremasi Hukum, stabilitas, dan Kepemimpinan Indonesia",Stabilitas Ekonomi Makro,%,Dit. Jasa Keuangan dan BUMN (Bappenas),Kementerian PPN/Bappenas,Kemenag,Nerwilis,Tersedia s.d Provinsi,Tidak Tersedia,Tahunan,,0,,MASUK_RPJMD,,,,[Juli 2025] https://ojk.go.id/id/kanal/iknb/data-dan-statistik/dana-pensiun/Pages/Statistik-Bulanan-Dana-Pensiun-Juli-2025.aspx,
IUP-53,IUP,53,Pendalaman/ Intermediasi Sektor Keuangan: Aset Asuransi/PDB (%),Pendalaman/ Intermediasi Sektor Keuangan: Aset Asuransi/PDB (%),"Supremasi Hukum, stabilitas, dan Kepemimpinan Indonesia",Stabilitas Ekonomi Makro,%,Dit. Jasa Keuangan dan BUMN (Bappenas) OJK,Kementerian PPN/Bappenas,Dinas P3A,Nerwilis,Tersedia Nasional,Tidak Tersedia,,,0,,TIDAK_MASUK_RPJMD,,,https://ojk.go.id/id/kanal/iknb/data-dan-statistik/asuransi/Documents/Pages/Statistik-Perasuransian-2022/Statistik%20Perasuransian%202022.pdf,https://ojk.go.id/id/kanal/iknb/data-dan-statistik/asuransi/default.aspx,
IUP-54,IUP,54,Pendalaman/ Intermediasi Sektor Keuangan: Kapitalisasi Pasar Modal/PDB (%),Pendalaman/ Intermediasi Sektor Keuangan: Kapitalisasi Pasar Modal/PDB (%),"Supremasi Hukum, stabilitas, dan Kepemimpinan Indonesia",Stabilitas Ekonomi Makro,%,Dit. Jasa Keuangan dan BUMN (Bappenas),Kementerian PPN/Bappenas,Dinas P3A,Nerwilis,Tersedia Nasional,Tidak Tersedia,Tahunan,,1,Nilai Transaksi Saham per Kapita per Provinsi (Ruiah),TIDAK_MASUK_RPJMD,,,"https://ojk.go.id/id/Statistik/Pasar-Modal/Laporan-Tahunan/Documents/Fact%20Book%20Pasar%20Modal,%20Keuangan%20Derivatif,%20dan%20Bursa%20Karbon%20(PMDK)%202024.pdf",,
IUP-55,IUP,55,Pendalaman/ Intermediasi Sektor Keuangan: Total Kredit/PDB (%),Pendalaman/ Intermediasi Sektor Keuangan: Total Kredit/PDB (%),"Supremasi Hukum, stabilitas, dan Kepemimpinan Indonesia",Stabilitas Ekonomi Makro,%,Dit. Jasa Keuangan dan BUMN (Bappenas),Kementerian PPN/Bappenas,DInas Lingkungan Hidup,Nerwilis,Tersedia s.d Provinsi,Tidak Tersedia,Triwulanan,,0,,MASUK_RPJMD,,,,,
IUP-56,IUP,56,Indeks Inklusi Keuangan,Inklusi Keuangan (%),"Supremasi Hukum, stabilitas, dan Kepemimpinan Indonesia",Stabilitas Ekonomi Makro,indeks,OJK,Kementerian Koordinator Bidang Perekonomian,DInas Lingkungan Hidup,Sosial,Tersedia Nasional,Tidak Tersedia,Tahunan,,0,,MASUK_RPJMD,,Inklusi Keuangan (%) adalah tingkat penggunaan produk dan layanan jasa keuangan oleh masyarakat Indonesia pada suatu kurun waktu tertentu.,"https://ojk.go.id/id/berita-dan-kegiatan/siaran-pers/Documents/Pages/OJK-dan-BPS-Umumkan-Hasil-Survei-Nasional-Literasi-Dan-Inklusi-Keuangan-SNLIK-Tahun-2025/SP%2069%20Indeks%20Literasi%20dan%20Inklusi%20Keuangan%20Masyarakat%20Meningkat,%20OJK%20dan%20BPS%20Umumkan%20Hasil%20Survei%20Nasional%20Literasi%20Dan%20Inklusi%20Keuangan%20(SNLIK)%20Tahun%202025.pdf",,
IUP-57,IUP,57,Asia Power Index (Diplomatic Influence),Asia Power Index (Diplomatic Influence),"Supremasi Hukum, stabilitas, dan Kepemimpinan Indonesia",Ketangguhan Diplomasi dan Pertahanan Berdaya Gentar Kawasan,Diplomatic Influence,Lowy Institute,Kementerian Luar Negeri,DInas Lingkungan Hidup,Nerwilis,Tersedia Nasional,Tersedia,Tahunan,2025,1,Jumlah Kerja Sama Provinsi,TIDAK_MASUK_RPJMD,,35. Asia Power Index (Diplomatic Influence),https://power.lowyinstitute.org/downloads/lowy-institute-2025-asia-power-index-key-findings-report.pdf,,https://power.lowyinstitute.org/data/diplomatic-influence/
IUP-58,IUP,58,Asia Power Index (Military Capability),Asia Power Index (Military Capability),"Supremasi Hukum, stabilitas, dan Kepemimpinan Indonesia",Ketangguhan Diplomasi dan Pertahanan Berdaya Gentar Kawasan,Military Capability,Lowy Institute,Kementerian Pertahanan,DInas Lingkungan Hidup,Nerwilis,Tersedia Nasional,Tersedia,Tahunan,2025,1,Indeks Ketahanan Nasional,TIDAK_MASUK_RPJMD,,36. Asia Power Index (Military Capability),,,Military capability data - Lowy Institute Asia Power Index
IUP-59,IUP,59,Indeks Pembangunan Kebudayaan,Indeks Pembangunan Kebudayaan,Ketahanan Sosial Budaya dan Ekologi,Beragama Maslahat dan Berkebudayaan Maju,indeks,Kementerian Kebudayaan,Kementerian Kebudayaan,DInas Lingkungan Hidup,Sosial,Tersedia s.d Provinsi,Tersedia,Tahunan,2025,0,,MASUK_RPJMD,,https://opendata.jabarprov.go.id/id/dataset/indeks-pembangunan-kebudayaan-berdasarkan-provinsi-di-indonesia,https://dapobud.kemendikbudristek.com/ipk-sub/ (ga bisa dibuka),https://opendata.jabarprov.go.id/id/dataset/indeks-pembangunan-kebudayaan-berdasarkan-provinsi-di-indonesia https://data.go.id/dataset/dataset/indeks-pembangunan-kebudayaan-ipk-2024,
IUP-60,IUP,60,Indeks Kerukunan Umat Beragama:,Indeks Kerukunan Umat Beragama:,Ketahanan Sosial Budaya dan Ekologi,Beragama Maslahat dan Berkebudayaan Maju,indeks,Kemenag,Kementerian Agama,,Sosial,Tersedia s.d Provinsi,Tersedia,Tahunan,2025,0,,MASUK_RPJMD,,,tidak ada publikasinya,https://data.go.id/dataset/dataset/indek-kerukunan-umat-beragama,
IUP-61,IUP,61,Indeks Pembangunan Kualitas Keluarga,Indeks Pembangunan Kualitas Keluarga,Ketahanan Sosial Budaya dan Ekologi,"Keluarga Berkualitas, Kesetaraan Gender, dan Masyarakat Inklusif",indeks,Bappenas,Kementerian Pemberdayaan Perempuan dan Perlindungan Anak,DInas Lingkungan Hidup,Nerwilis,Tersedia s.d Provinsi,Tersedia,Tahunan,2025,0,,MASUK_RPJMD,,2024 39. Indeks Pembangunan Kualitas Keluarga,,,
IUP-62,IUP,62,Indeks Ketimpangan Gender (IKG),Indeks Ketimpangan Gender (IKG),Ketahanan Sosial Budaya dan Ekologi,"Keluarga Berkualitas, Kesetaraan Gender, dan Masyarakat Inklusif",IKG,BPS,Kementerian Pemberdayaan Perempuan dan Perlindungan Anak,,Nerwilis,Tersedia s.d Kabupaten/Kota,Tersedia,Tahunan,2025,0,,MASUK_RPJMD,,DKI Jakarta (2013) https://sirusa.web.bps.go.id/metadata/indikator/1610,https://www.bps.go.id/id/publication/2025/07/31/83ae68c36720895d3895ec58/indeks-ketimpangan-gender-2024.html,https://www.bps.go.id/id/statistics-table/2/MjE5NiMy/indeks-ketimpangan-gerder--ikg-.html,Rencana Rilis Mei 2025 ada sampai kabupaten kota
IUP-63,IUP,63,Indeks Pengelolaan Keanekaragaman Hayati,Indeks Pengelolaan Keanekaragaman Hayati,Ketahanan Sosial Budaya dan Ekologi,Lingkungan Hidup Berkualitas,indeks,Kementerian PPN/Bappenas,Kementerian PPN/Bappenas,,Sosial,Tidak Tersedia,Tersedia,Tahunan,,0,,MASUK_RPJMD,,,,,Hanya tersedia di Prov Banten
IUP-64,IUP,64,Indeks Kualitas Udara,Kualitas Lingkungan Hidup: Indeks Kualitas Lingkungan Hidup - Indeks Kualitas Udara (IKU),Ketahanan Sosial Budaya dan Ekologi,Lingkungan Hidup Berkualitas,indeks,Kementerian Lingkungan Hidup,Kementerian Lingkungan Hidup,,Sosial,Tersedia s.d Kabupaten/Kota,Tersedia,Tahunan,2025,0,,TIDAK_MASUK_RPJMD,11.6.2 (b),https://sirusa.web.bps.go.id/metadata/indikator/63178,,https://www.bps.go.id/id/statistics-table/2/MjUzMSMy/indeks-kualitas-lingkungan-hidup-menurut-provinsi.html https://iklim.bmkg.go.id/id/kualitas-udara-indonesia/,https://gaw-bariri.bmkg.go.id/index.php/karya-tulis-dan-artikel/gawsarium/324-kualitas-udara
IUP-65,IUP,65,Kualitas Lingkungan Hidup: Indeks Kualitas Lingkungan Hidup - Indeks Kualitas Air (IKA),Kualitas Lingkungan Hidup: Indeks Kualitas Lingkungan Hidup - Indeks Kualitas Air (IKA),Ketahanan Sosial Budaya dan Ekologi,Lingkungan Hidup Berkualitas,IKA,Kementerian Lingkungan Hidup,Kementerian Lingkungan Hidup,Dinas Lingkungan Hidup,Sosial,Tersedia Nasional,Tersedia,Tahunan,2025,0,,TIDAK_MASUK_RPJMD,Indikator 6.3.2(a) Indeks Kualitas Air (IKA),Jawa Tengah 2023 https://sirusa.web.bps.go.id/metadata/indikator/50556,https://web-api.bps.go.id/download.php?f=OvjcO0MhAxndIOd7Oglj/0NFODVBTWlneUtjY05mZHVsdGNUQmsxVEFxOWUrKzZ1YmtPUmlEYzlwSXJ0YVdEWGZTbW85QldZY0RNYk5EN0lOdVJTTEljM0d2Q0M5UERsdHZvTlVRSjJRM0dZYWkycE5xOUk2Y0k4emFEN2RhdE9rOUw2OFRoVUVqSSs3WDRCWXJONFcybW1aSVZUWjhYditmWmVWYzh3MEVyeC9zdnRtSU5oNTlnUllDUFlOZ29NMEdkbjJlLzhGOXI5c3NEM1ZzZFZGTUM0TTEvZC9pZWMxOGZZc3dRak5IcVVGeTBEaEhDb1MzN1oxeU9HRkFieGFJb2ZCZXBYTTgxYlMxeGQwYWxzemY0U1hIK2N4bXZza3FrWW5nPT0=&_gl=1*1yrakoe*_ga*MzczNTkwNDAyLjE3NTg1NDQ5MTQ.*_ga_XXTTVXWHDB*czE3NzA2OTM1OTAkbzcwJGcxJHQxNzcwNjkzODc1JGo1NyRsMCRoMA.,https://data.go.id/dataset/dataset/indeks-kualitas-air7,
IUP-66,IUP,66,Kualitas Lingkungan Hidup: Indeks Kualitas Lingkungan Hidup - Indeks Kualitas Lahan (IKL),Kualitas Lingkungan Hidup: Indeks Kualitas Lingkungan Hidup - Indeks Kualitas Lahan (IKL),Ketahanan Sosial Budaya dan Ekologi,Lingkungan Hidup Berkualitas,IKL,Kementerian Lingkungan Hidup,Kementerian Lingkungan Hidup,BPBD,Sosial,Tersedia s.d Provinsi,Tersedia,Tahunan,2025,0,,TIDAK_MASUK_RPJMD,,Bangka Tengah 2025 https://sirusa.web.bps.go.id/metadata/indikator/93371 Cianjur 2025 https://sirusa.web.bps.go.id/metadata/indikator/74157,,https://www.bps.go.id/id/statistics-table/2/MjUzMiMy/komponen-penyusun-indeks-kualitas-lingkungan-hidup-menurut-provinsi.html,
IUP-67,IUP,67,Kualitas Lingkungan Hidup: Indeks Kualitas Lingkungan Hidup - Indeks Kualitas Air Laut (IKAL),Kualitas Lingkungan Hidup: Indeks Kualitas Lingkungan Hidup - Indeks Kualitas Air Laut (IKAL),Ketahanan Sosial Budaya dan Ekologi,Lingkungan Hidup Berkualitas,IKAL,Kementerian Lingkungan Hidup,Kementerian Lingkungan Hidup,DInas Lingkungan Hidup,Sosial,Tersedia s.d Provinsi,Tersedia,Tahunan,2025,0,,TIDAK_MASUK_RPJMD,,"2022 https://sirusa.web.bps.go.id/metadata/indikator/6548 https://sirusa.web.bps.go.id/metadata/indikator/49603#:~:text=Indeks%20Kualitas%20Air%20Laut&text=Suatu%20nilai%20yang%20menggambarkan%20kondisi%20kualitas%20air,laut%20dalam%20suatu%20wilayah%20pada%20waktu%20tertentu.",https://dlh.jatimprov.go.id/page/indeks-kualitas-air-laut-689d6a5509aaa,,Survei nya dilakukan oleh masing-masing Pemprov
IUP-68,IUP,68,Kualitas Lingkungan Hidup: Rumah Tangga dengan Akses Sanitasi Aman (%),Kualitas Lingkungan Hidup: Rumah Tangga dengan Akses Sanitasi Aman (%),Ketahanan Sosial Budaya dan Ekologi,Lingkungan Hidup Berkualitas,%,BPS,Direktorat Perumahan dan Kawasan Pemukiman,Dinas Lingkungan Hidup,Sosial,Tersedia s.d Provinsi,Tidak Tersedia,Tahunan,,0,,MASUK_RPJMD,,Ciamis (2024) https://sirusa.web.bps.go.id/metadata/indikator/92110,https://www.bps.go.id/id/publication/2025/12/12/e73efd3b09f4c257ef30cbef/indikator-perumahan-dan-kesehatan-lingkungan-2025.html,,
IUP-69,IUP,69,Kualitas Lingkungan Hidup: Timbulan Sampah Terolah di Fasilitas Pengolahan Sampah (%),Kualitas Lingkungan Hidup: Timbulan Sampah Terolah di Fasilitas Pengolahan Sampah (%),Ketahanan Sosial Budaya dan Ekologi,Lingkungan Hidup Berkualitas,%,KLHK,Kementerian Perumahan dan Kawasan Permukiman; KLH,,Sosial,Tersedia Nasional,Tersedia,Tahunan,,0,,MASUK_RPJMD,"11.6.1 Proportion of municipal solid waste collected and managed in controlled facilities out of total municipal waste generated, by cities",,,,Provinsi: i. Timbulan Sampah Terolah di Fasilitas Pengolahan Sampah (%) ii. Proporsi RT dengan Layanan Penuh Pengumpulan Sampah (%RT) Data diturunkan hingga kab/kota
IUP-70,IUP,70,"Ketahanan Energi, Air, dan Pangan: Indeks Ketahanan Energi","Ketahanan Energi, Air, dan Pangan: Indeks Ketahanan Energi",Ketahanan Sosial Budaya dan Ekologi,"Berketahanan Energi, Air, dan Kemandirian Pangan",indeks,Kementerian Energi dan Sumber Daya Mineral,Kementerian Energi dan Sumber Daya Mineral,,Produksi,Tersedia Nasional,Tersedia,Tahunan,2024,1,- Konsumsi Listrik per Kapita (kWh) - Intensitas Energi Primer (SBM/Rp Milyar),TIDAK_MASUK_RPJMD,,,,,
IUP-71,IUP,71,"Ketahanan Energi, Air, dan Pangan: Prevalensi ketidakcukupan konsumsi pangan (%)","Ketahanan Energi, Air, dan Pangan: Prevalensi ketidakcukupan konsumsi pangan (%)",Ketahanan Sosial Budaya dan Ekologi,"Berketahanan Energi, Air, dan Kemandirian Pangan",%,BPS,Kemenko Pangan,,Sosial,Tersedia s.d Kabupaten/Kota,Tersedia,Tahunan,2024,0,,MASUK_RPJMD,2.1.1,1. (2023) https://sirusa.web.bps.go.id/metadata/indikator/46111 2. (2023) https://sirusa.web.bps.go.id/metadata/indikator/46105 https://sirusa.web.bps.go.id/metadata/variabel/254074,,https://www.bps.go.id/id/statistics-table/2/MTQ3MyMy/prevalensi-ketidakcukupan-konsumsi-pangan.html https://www.bps.go.id/id/statistics-table/2/MjI2OSMy/prevalensi-ketidakcukupan-konsumsi-pangan-persen-per-kabupaten-kota.html,
IUP-72,IUP,72,"Ketahanan Energi, Air, dan Pangan: Ketahanan Air - Kapasitas Tampungan Air (m3/kapita)","Ketahanan Energi, Air, dan Pangan: Ketahanan Air - Kapasitas Tampungan Air (m3/kapita)",Ketahanan Sosial Budaya dan Ekologi,"Berketahanan Energi, Air, dan Kemandirian Pangan",m3/kapita,Kementerian Pekerjaan Umum,Kementerian Pekerjaan Umum,,Produksi,Tersedia Nasional,Tidak Tersedia,Tahunan,,1,Kapasitas Air Baku (m3/detik),TIDAK_MASUK_RPJMD,,,https://documents1.worldbank.org/curated/en/099955012072141213/pdf/P1707570f6196802e0aa0502e431b42d79f.pdf,,
IUP-73,IUP,73,Persentase Rumah Tangga yang Memiliki Akses terhadap Sumber Air Minum Layak,"Ketahanan Energi, Air, dan Pangan: Ketahanan Air - Akses Rumah Tangga Perkotaan terhadap Air Siap Minum Perpipaan (%)",Ketahanan Sosial Budaya dan Ekologi,"Berketahanan Energi, Air, dan Kemandirian Pangan",,Kementerian Kesehatan,Kementerian Pekerjaan Umum Kemenkes (TBC),,Sosial,Tidak Tersedia,Tidak Tersedia,Tahunan,,0,,MASUK_RPJMD,,,,https://data.blitarkab.go.id/data/akses-rumah-tangga-perkotaan-terhadap-air-siap-minum-perpipaan-30268oz7,
IUP-74,IUP,74,Proporsi Kerugian Ekonomi Langsung akibat Bencana Relatif terhadap PDB (%),Proporsi Kerugian Ekonomi Langsung akibat Bencana Relatif terhadap PDB (%),Ketahanan Sosial Budaya dan Ekologi,Resiliensi terhadap Bencana dan Perubahan lklim,%,BNPB,BNPB,,Nerwilis,Tersedia s.d Kabupaten/Kota,Tersedia,Tahunan,2025,1,Indeks Risiko Bencana (IRB),TIDAK_MASUK_RPJMD,,2023 Karang Asem https://sirusa.web.bps.go.id/metadata/indikator/57460,,,Setiap Kabupaten/Kota mengukur sendiri2
IUP-75,IUP,75,Persentase Penurunan Emisi GRK(%): Kumulatif,Persentase Penurunan Emisi GRK(%): Kumulatif,Ketahanan Sosial Budaya dan Ekologi,Resiliensi terhadap Bencana dan Perubahan lklim,%,Kementerian PPN/Bappenas,Kementerian PPN/Bappenas,,Sosial,Tersedia s.d Provinsi,Tersedia,Tahunan,,0,,MASUK_RPJMD,,,,DKI: https://data.go.id/dataset/dataset/data-capaian-penurunan-emisi-gas-rumah-kaca-grk,kab: penurunan emisi GRK (kumulatif)
IUP-76,IUP,76,Persentase Penurunan Emisi GRK(%): Tahunan,Persentase Penurunan Emisi GRK(%): Tahunan,Ketahanan Sosial Budaya dan Ekologi,Resiliensi terhadap Bencana dan Perubahan lklim,%,Kementerian PPN/Bappenas,Kementerian PPN/Bappenas,,Sosial,Tersedia s.d Provinsi,Tersedia,Tahunan,,0,,MASUK_RPJMD,,,,DKI: https://data.go.id/dataset/dataset/data-capaian-penurunan-emisi-gas-rumah-kaca-grk,kab: penurunan emisi GRK (nilai absolut)
