id_indikator,tahun,jenis,nilai,sumber_sheet
ISV-01,2025,target,227.1,Rakor ISV IUP Kaltara 202607
ISV-01,2026,target,251.15,Rakor ISV IUP Kaltara 202607
ISV-01,2027,target,275.2,Rakor ISV IUP Kaltara 202607
ISV-01,2028,target,299.25,Rakor ISV IUP Kaltara 202607
ISV-01,2029,target,323.3,Rakor ISV IUP Kaltara 202607
ISV-01,2045,target,1612.75,Rakor ISV IUP Kaltara 202607
ISV-01,2021,realisasi,157.09,Rakor ISV IUP Kaltara 202607
ISV-01,2022,realisasi,192.59,Rakor ISV IUP Kaltara 202607
ISV-01,2023,realisasi,201.79,Rakor ISV IUP Kaltara 202607
ISV-01,2024,realisasi,198.68,Rakor ISV IUP Kaltara 202607
ISV-01,2025,realisasi,208.21,Rakor ISV IUP Kaltara 202607
ISV-02,2025,target,36.59,Rakor ISV IUP Kaltara 202607
ISV-02,2026,target,37.82,Rakor ISV IUP Kaltara 202607
ISV-02,2027,target,40.05,Rakor ISV IUP Kaltara 202607
ISV-02,2028,target,41.28,Rakor ISV IUP Kaltara 202607
ISV-02,2029,target,42.51,Rakor ISV IUP Kaltara 202607
ISV-02,2045,target,44.83,Rakor ISV IUP Kaltara 202607
ISV-02,2024,realisasi,33.47,Rakor ISV IUP Kaltara 202607
ISV-03,2025,target,8.63,Rakor ISV IUP Kaltara 202607
ISV-03,2026,target,9.11,Rakor ISV IUP Kaltara 202607
ISV-03,2027,target,9.83,Rakor ISV IUP Kaltara 202607
ISV-03,2028,target,10.55,Rakor ISV IUP Kaltara 202607
ISV-03,2029,target,11.91,Rakor ISV IUP Kaltara 202607
ISV-03,2045,target,25.26,Rakor ISV IUP Kaltara 202607
ISV-03,2021,realisasi,8.9,Rakor ISV IUP Kaltara 202607
ISV-03,2022,realisasi,7.77,Rakor ISV IUP Kaltara 202607
ISV-03,2023,realisasi,7.69,Rakor ISV IUP Kaltara 202607
ISV-03,2024,realisasi,8.27,Rakor ISV IUP Kaltara 202607
ISV-03,2025,realisasi,8.75,Rakor ISV IUP Kaltara 202607
ISV-04,2025,target,5.07,Rakor ISV IUP Kaltara 202607
ISV-04,2026,target,5.0,Rakor ISV IUP Kaltara 202607
ISV-04,2027,target,4.2,Rakor ISV IUP Kaltara 202607
ISV-04,2028,target,3.77,Rakor ISV IUP Kaltara 202607
ISV-04,2029,target,3.33,Rakor ISV IUP Kaltara 202607
ISV-04,2045,target,0.54,Rakor ISV IUP Kaltara 202607
ISV-04,2021,realisasi,7.36,Rakor ISV IUP Kaltara 202607
ISV-04,2022,realisasi,6.77,Rakor ISV IUP Kaltara 202607
ISV-04,2023,realisasi,6.45,Rakor ISV IUP Kaltara 202607
ISV-04,2024,realisasi,6.32,Rakor ISV IUP Kaltara 202607
ISV-04,2025,realisasi,5.54,Rakor ISV IUP Kaltara 202607
ISV-05,2025,target,0.256,Rakor ISV IUP Kaltara 202607
ISV-05,2026,target,0.253,Rakor ISV IUP Kaltara 202607
ISV-05,2027,target,0.251,Rakor ISV IUP Kaltara 202607
ISV-05,2028,target,0.249,Rakor ISV IUP Kaltara 202607
ISV-05,2029,target,0.246,Rakor ISV IUP Kaltara 202607
ISV-05,2045,target,0.209,Rakor ISV IUP Kaltara 202607
ISV-05,2021,realisasi,0.285,Rakor ISV IUP Kaltara 202607
ISV-05,2022,realisasi,0.27,Rakor ISV IUP Kaltara 202607
ISV-05,2023,realisasi,0.277,Rakor ISV IUP Kaltara 202607
ISV-05,2024,realisasi,0.259,Rakor ISV IUP Kaltara 202607
ISV-05,2025,realisasi,0.251,Rakor ISV IUP Kaltara 202607
ISV-06,2025,target,0.7,Rakor ISV IUP Kaltara 202607
ISV-06,2026,target,0.7,Rakor ISV IUP Kaltara 202607
ISV-06,2027,target,0.7,Rakor ISV IUP Kaltara 202607
ISV-06,2028,target,0.7,Rakor ISV IUP Kaltara 202607
ISV-06,2029,target,0.7,Rakor ISV IUP Kaltara 202607
ISV-06,2045,target,0.85,Rakor ISV IUP Kaltara 202607
ISV-06,2021,realisasi,0.66,Rakor ISV IUP Kaltara 202607
ISV-06,2022,realisasi,0.72,Rakor ISV IUP Kaltara 202607
ISV-06,2023,realisasi,0.72,Rakor ISV IUP Kaltara 202607
ISV-06,2024,realisasi,0.67,Rakor ISV IUP Kaltara 202607
ISV-06,2025,realisasi,0.66,Rakor ISV IUP Kaltara 202607
ISV-07,2025,target,3.34,Rakor ISV IUP Kaltara 202607
ISV-07,2026,target,3.38,Rakor ISV IUP Kaltara 202607
ISV-07,2027,target,3.42,Rakor ISV IUP Kaltara 202607
ISV-07,2028,target,3.46,Rakor ISV IUP Kaltara 202607
ISV-07,2029,target,3.57,Rakor ISV IUP Kaltara 202607
ISV-07,2045,target,4.5,Rakor ISV IUP Kaltara 202607
ISV-07,2024,realisasi,3.26,Rakor ISV IUP Kaltara 202607
ISV-07,2025,realisasi,3.29,Rakor ISV IUP Kaltara 202607
ISV-08,2025,target,0.56,Rakor ISV IUP Kaltara 202607
ISV-08,2026,target,0.57,Rakor ISV IUP Kaltara 202607
ISV-08,2027,target,0.58,Rakor ISV IUP Kaltara 202607
ISV-08,2028,target,0.58,Rakor ISV IUP Kaltara 202607
ISV-08,2029,target,0.59,Rakor ISV IUP Kaltara 202607
ISV-08,2045,target,0.71,Rakor ISV IUP Kaltara 202607
ISV-09,2025,target,46.96,Rakor ISV IUP Kaltara 202607
ISV-09,2026,target,60.27,Rakor ISV IUP Kaltara 202607
ISV-09,2027,target,63.46,Rakor ISV IUP Kaltara 202607
ISV-09,2028,target,66.66,Rakor ISV IUP Kaltara 202607
ISV-09,2029,target,69.85,Rakor ISV IUP Kaltara 202607
ISV-09,2045,target,100.0,Rakor ISV IUP Kaltara 202607
ISV-09,2021,realisasi,81.6,Rakor ISV IUP Kaltara 202607
ISV-09,2022,realisasi,87.5,Rakor ISV IUP Kaltara 202607
ISV-09,2023,realisasi,101.1,Rakor ISV IUP Kaltara 202607
ISV-10,2025,target,77.77,Rakor ISV IUP Kaltara 202607
ISV-10,2026,target,77.97,Rakor ISV IUP Kaltara 202607
ISV-10,2027,target,78.17,Rakor ISV IUP Kaltara 202607
ISV-10,2028,target,78.37,Rakor ISV IUP Kaltara 202607
ISV-10,2029,target,78.57,Rakor ISV IUP Kaltara 202607
ISV-10,2045,target,84.64,Rakor ISV IUP Kaltara 202607
ISV-10,2021,realisasi,80.95,Rakor ISV IUP Kaltara 202607
ISV-10,2022,realisasi,80.67,Rakor ISV IUP Kaltara 202607
ISV-10,2023,realisasi,80.77,Rakor ISV IUP Kaltara 202607
ISV-10,2024,realisasi,79.95,Rakor ISV IUP Kaltara 202607
ISV-10,2025,realisasi,85.99,Rakor ISV IUP Kaltara 202607
IUP-01,2025,target,73.96,Rakor ISV IUP Kaltara 202607
IUP-01,2026,target,74.16,Rakor ISV IUP Kaltara 202607
IUP-01,2027,target,74.37,Rakor ISV IUP Kaltara 202607
IUP-01,2028,target,74.57,Rakor ISV IUP Kaltara 202607
IUP-01,2029,target,74.77,Rakor ISV IUP Kaltara 202607
IUP-01,2045,target,79.35,Rakor ISV IUP Kaltara 202607
IUP-01,2021,realisasi,73.49,Rakor ISV IUP Kaltara 202607
IUP-01,2022,realisasi,73.51,Rakor ISV IUP Kaltara 202607
IUP-01,2023,realisasi,73.54,Rakor ISV IUP Kaltara 202607
IUP-01,2024,realisasi,73.57,Rakor ISV IUP Kaltara 202607
IUP-01,2025,realisasi,73.68,Rakor ISV IUP Kaltara 202607
IUP-02,2025,target,122.0,Rakor ISV IUP Kaltara 202607
IUP-02,2026,target,109.0,Rakor ISV IUP Kaltara 202607
IUP-02,2027,target,97.0,Rakor ISV IUP Kaltara 202607
IUP-02,2028,target,86.0,Rakor ISV IUP Kaltara 202607
IUP-02,2029,target,77.0,Rakor ISV IUP Kaltara 202607
IUP-02,2045,target,16.0,Rakor ISV IUP Kaltara 202607
IUP-03,2025,target,15.5,Rakor ISV IUP Kaltara 202607
IUP-03,2026,target,14.5,Rakor ISV IUP Kaltara 202607
IUP-03,2027,target,13.5,Rakor ISV IUP Kaltara 202607
IUP-03,2028,target,12.5,Rakor ISV IUP Kaltara 202607
IUP-03,2029,target,11.4,Rakor ISV IUP Kaltara 202607
IUP-03,2045,target,3.6,Rakor ISV IUP Kaltara 202607
IUP-03,2021,realisasi,27.5,Rakor ISV IUP Kaltara 202607
IUP-03,2022,realisasi,22.1,Rakor ISV IUP Kaltara 202607
IUP-03,2023,realisasi,17.4,Rakor ISV IUP Kaltara 202607
IUP-03,2024,realisasi,17.6,Rakor ISV IUP Kaltara 202607
IUP-04,2025,target,90.0,Rakor ISV IUP Kaltara 202607
IUP-04,2026,target,90.0,Rakor ISV IUP Kaltara 202607
IUP-04,2027,target,90.0,Rakor ISV IUP Kaltara 202607
IUP-04,2028,target,90.0,Rakor ISV IUP Kaltara 202607
IUP-04,2029,target,90.0,Rakor ISV IUP Kaltara 202607
IUP-04,2045,target,95.0,Rakor ISV IUP Kaltara 202607
IUP-05,2025,target,98.6,Rakor ISV IUP Kaltara 202607
IUP-05,2026,target,98.7,Rakor ISV IUP Kaltara 202607
IUP-05,2027,target,98.8,Rakor ISV IUP Kaltara 202607
IUP-05,2028,target,99.0,Rakor ISV IUP Kaltara 202607
IUP-05,2029,target,99.1,Rakor ISV IUP Kaltara 202607
IUP-05,2045,target,99.5,Rakor ISV IUP Kaltara 202607
IUP-06,2025,target,20.0,Rakor ISV IUP Kaltara 202607
IUP-06,2026,target,30.0,Rakor ISV IUP Kaltara 202607
IUP-06,2027,target,40.0,Rakor ISV IUP Kaltara 202607
IUP-06,2028,target,50.0,Rakor ISV IUP Kaltara 202607
IUP-06,2029,target,60.0,Rakor ISV IUP Kaltara 202607
IUP-06,2045,target,80.0,Rakor ISV IUP Kaltara 202607
IUP-07,2025,target,20.0,Rakor ISV IUP Kaltara 202607
IUP-07,2026,target,25.0,Rakor ISV IUP Kaltara 202607
IUP-07,2027,target,30.0,Rakor ISV IUP Kaltara 202607
IUP-07,2028,target,35.0,Rakor ISV IUP Kaltara 202607
IUP-07,2029,target,40.0,Rakor ISV IUP Kaltara 202607
IUP-07,2045,target,60.0,Rakor ISV IUP Kaltara 202607
IUP-08,2025,target,9.7,Rakor ISV IUP Kaltara 202607
IUP-08,2026,target,9.83,Rakor ISV IUP Kaltara 202607
IUP-08,2027,target,9.95,Rakor ISV IUP Kaltara 202607
IUP-08,2028,target,10.08,Rakor ISV IUP Kaltara 202607
IUP-08,2029,target,10.2,Rakor ISV IUP Kaltara 202607
IUP-08,2045,target,12.59,Rakor ISV IUP Kaltara 202607
IUP-08,2021,realisasi,9.11,Rakor ISV IUP Kaltara 202607
IUP-08,2022,realisasi,9.27,Rakor ISV IUP Kaltara 202607
IUP-08,2023,realisasi,9.34,Rakor ISV IUP Kaltara 202607
IUP-08,2024,realisasi,9.35,Rakor ISV IUP Kaltara 202607
IUP-08,2025,realisasi,9.44,Rakor ISV IUP Kaltara 202607
IUP-09,2025,target,13.32,Rakor ISV IUP Kaltara 202607
IUP-09,2026,target,13.38,Rakor ISV IUP Kaltara 202607
IUP-09,2027,target,13.45,Rakor ISV IUP Kaltara 202607
IUP-09,2028,target,13.51,Rakor ISV IUP Kaltara 202607
IUP-09,2029,target,13.57,Rakor ISV IUP Kaltara 202607
IUP-09,2045,target,14.8,Rakor ISV IUP Kaltara 202607
IUP-09,2021,realisasi,12.94,Rakor ISV IUP Kaltara 202607
IUP-09,2022,realisasi,13.06,Rakor ISV IUP Kaltara 202607
IUP-09,2023,realisasi,13.2,Rakor ISV IUP Kaltara 202607
IUP-09,2024,realisasi,13.21,Rakor ISV IUP Kaltara 202607
IUP-09,2025,realisasi,13.31,Rakor ISV IUP Kaltara 202607
IUP-10,2025,target,14.68,Rakor ISV IUP Kaltara 202607
IUP-10,2026,target,15.19,Rakor ISV IUP Kaltara 202607
IUP-10,2027,target,15.45,Rakor ISV IUP Kaltara 202607
IUP-10,2028,target,16.25,Rakor ISV IUP Kaltara 202607
IUP-10,2029,target,16.8,Rakor ISV IUP Kaltara 202607
IUP-10,2021,realisasi,11.24,Rakor ISV IUP Kaltara 202607
IUP-10,2022,realisasi,11.45,Rakor ISV IUP Kaltara 202607
IUP-10,2023,realisasi,11.77,Rakor ISV IUP Kaltara 202607
IUP-10,2024,realisasi,11.34,Rakor ISV IUP Kaltara 202607
IUP-10,2025,realisasi,12.9,Rakor ISV IUP Kaltara 202607
IUP-11,2025,target,98.6,Rakor ISV IUP Kaltara 202607
IUP-11,2026,target,98.7,Rakor ISV IUP Kaltara 202607
IUP-11,2027,target,98.8,Rakor ISV IUP Kaltara 202607
IUP-11,2028,target,98.9,Rakor ISV IUP Kaltara 202607
IUP-11,2029,target,99.0,Rakor ISV IUP Kaltara 202607
IUP-11,2045,target,95.32,Rakor ISV IUP Kaltara 202607
IUP-12,2025,target,77.18,Rakor ISV IUP Kaltara 202607
IUP-12,2026,target,77.97,Rakor ISV IUP Kaltara 202607
IUP-12,2027,target,78.77,Rakor ISV IUP Kaltara 202607
IUP-12,2028,target,79.56,Rakor ISV IUP Kaltara 202607
IUP-12,2029,target,80.35,Rakor ISV IUP Kaltara 202607
IUP-12,2045,target,85.0,Rakor ISV IUP Kaltara 202607
IUP-13,2025,target,40.0,Rakor ISV IUP Kaltara 202607
IUP-13,2026,target,42.5,Rakor ISV IUP Kaltara 202607
IUP-13,2027,target,45.0,Rakor ISV IUP Kaltara 202607
IUP-13,2028,target,47.5,Rakor ISV IUP Kaltara 202607
IUP-13,2029,target,50.0,Rakor ISV IUP Kaltara 202607
IUP-13,2045,target,80.0,Rakor ISV IUP Kaltara 202607
IUP-14,2025,target,8.63,Rakor ISV IUP Kaltara 202607
IUP-14,2026,target,9.11,Rakor ISV IUP Kaltara 202607
IUP-14,2027,target,9.83,Rakor ISV IUP Kaltara 202607
IUP-14,2028,target,10.55,Rakor ISV IUP Kaltara 202607
IUP-14,2029,target,11.91,Rakor ISV IUP Kaltara 202607
IUP-14,2045,target,25.26,Rakor ISV IUP Kaltara 202607
IUP-14,2021,realisasi,8.9,Rakor ISV IUP Kaltara 202607
IUP-14,2022,realisasi,7.77,Rakor ISV IUP Kaltara 202607
IUP-14,2023,realisasi,7.69,Rakor ISV IUP Kaltara 202607
IUP-14,2024,realisasi,8.27,Rakor ISV IUP Kaltara 202607
IUP-14,2025,realisasi,8.75,Rakor ISV IUP Kaltara 202607
IUP-15,2025,target,3.5,Rakor ISV IUP Kaltara 202607
IUP-15,2026,target,3.6,Rakor ISV IUP Kaltara 202607
IUP-15,2027,target,3.65,Rakor ISV IUP Kaltara 202607
IUP-15,2028,target,3.7,Rakor ISV IUP Kaltara 202607
IUP-15,2029,target,3.75,Rakor ISV IUP Kaltara 202607
IUP-15,2021,realisasi,3.43,Rakor ISV IUP Kaltara 202607
IUP-15,2022,realisasi,3.74,Rakor ISV IUP Kaltara 202607
IUP-15,2023,realisasi,4.32,Rakor ISV IUP Kaltara 202607
IUP-15,2024,realisasi,1.75,Rakor ISV IUP Kaltara 202607
IUP-15,2025,realisasi,2.6,Rakor ISV IUP Kaltara 202607
IUP-16,2025,target,1.75,Rakor ISV IUP Kaltara 202607
IUP-16,2026,target,1.88,Rakor ISV IUP Kaltara 202607
IUP-16,2027,target,2.02,Rakor ISV IUP Kaltara 202607
IUP-16,2028,target,2.17,Rakor ISV IUP Kaltara 202607
IUP-16,2029,target,2.33,Rakor ISV IUP Kaltara 202607
IUP-16,2045,target,2.75,Rakor ISV IUP Kaltara 202607
IUP-16,2021,realisasi,1.5,Rakor ISV IUP Kaltara 202607
IUP-16,2022,realisasi,1.38,Rakor ISV IUP Kaltara 202607
IUP-16,2023,realisasi,1.45,Rakor ISV IUP Kaltara 202607
IUP-16,2024,realisasi,1.65,Rakor ISV IUP Kaltara 202607
IUP-16,2025,realisasi,1.77,Rakor ISV IUP Kaltara 202607
IUP-17,2025,target,16.794,Rakor ISV IUP Kaltara 202607
IUP-17,2026,target,18.473,Rakor ISV IUP Kaltara 202607
IUP-17,2027,target,20.32,Rakor ISV IUP Kaltara 202607
IUP-17,2028,target,22.325,Rakor ISV IUP Kaltara 202607
IUP-17,2029,target,24.588,Rakor ISV IUP Kaltara 202607
IUP-17,2045,target,5.35,Rakor ISV IUP Kaltara 202607
IUP-17,2021,realisasi,6.703,Rakor ISV IUP Kaltara 202607
IUP-17,2022,realisasi,22.269,Rakor ISV IUP Kaltara 202607
IUP-17,2023,realisasi,27.649,Rakor ISV IUP Kaltara 202607
IUP-17,2024,realisasi,26.604,Rakor ISV IUP Kaltara 202607
IUP-17,2025,realisasi,20.224,Rakor ISV IUP Kaltara 202607
IUP-18,2025,target,82800000.0,Rakor ISV IUP Kaltara 202607
IUP-18,2026,target,101799072.594,Rakor ISV IUP Kaltara 202607
IUP-18,2027,target,133110384.125,Rakor ISV IUP Kaltara 202607
IUP-18,2028,target,133110384.125,Rakor ISV IUP Kaltara 202607
IUP-18,2029,target,133110384.125,Rakor ISV IUP Kaltara 202607
IUP-18,2045,target,133110384.126,Rakor ISV IUP Kaltara 202607
IUP-19,2025,target,1.5,Rakor ISV IUP Kaltara 202607
IUP-19,2026,target,1.97,Rakor ISV IUP Kaltara 202607
IUP-19,2027,target,1.99,Rakor ISV IUP Kaltara 202607
IUP-19,2028,target,2.01,Rakor ISV IUP Kaltara 202607
IUP-19,2029,target,2.03,Rakor ISV IUP Kaltara 202607
IUP-19,2045,target,3.09,Rakor ISV IUP Kaltara 202607
IUP-20,2025,target,3.37,Rakor ISV IUP Kaltara 202607
IUP-20,2026,target,3.52,Rakor ISV IUP Kaltara 202607
IUP-20,2027,target,3.85,Rakor ISV IUP Kaltara 202607
IUP-20,2028,target,4.18,Rakor ISV IUP Kaltara 202607
IUP-20,2029,target,4.51,Rakor ISV IUP Kaltara 202607
IUP-20,2045,target,8.0,Rakor ISV IUP Kaltara 202607
IUP-21,2025,target,0.31,Rakor ISV IUP Kaltara 202607
IUP-21,2026,target,0.41,Rakor ISV IUP Kaltara 202607
IUP-21,2027,target,0.47,Rakor ISV IUP Kaltara 202607
IUP-21,2028,target,0.49,Rakor ISV IUP Kaltara 202607
IUP-21,2029,target,0.52,Rakor ISV IUP Kaltara 202607
IUP-21,2045,target,2.17,Rakor ISV IUP Kaltara 202607
IUP-22,2025,target,0.97,Rakor ISV IUP Kaltara 202607
IUP-22,2026,target,1.13,Rakor ISV IUP Kaltara 202607
IUP-22,2027,target,1.29,Rakor ISV IUP Kaltara 202607
IUP-22,2028,target,1.45,Rakor ISV IUP Kaltara 202607
IUP-22,2029,target,1.61,Rakor ISV IUP Kaltara 202607
IUP-22,2045,target,5.17,Rakor ISV IUP Kaltara 202607
IUP-23,2025,target,3.69,Rakor ISV IUP Kaltara 202607
IUP-23,2026,target,3.49,Rakor ISV IUP Kaltara 202607
IUP-23,2027,target,3.27,Rakor ISV IUP Kaltara 202607
IUP-23,2028,target,3.09,Rakor ISV IUP Kaltara 202607
IUP-23,2029,target,2.89,Rakor ISV IUP Kaltara 202607
IUP-23,2045,target,1.98,Rakor ISV IUP Kaltara 202607
IUP-23,2021,realisasi,4674.58,Rakor ISV IUP Kaltara 202607
IUP-23,2022,realisasi,4624.33,Rakor ISV IUP Kaltara 202607
IUP-23,2023,realisasi,4104.01,Rakor ISV IUP Kaltara 202607
IUP-23,2024,realisasi,4013.9,Rakor ISV IUP Kaltara 202607
IUP-23,2025,realisasi,393.85,Rakor ISV IUP Kaltara 202607
IUP-24,2025,target,50.56,Rakor ISV IUP Kaltara 202607
IUP-24,2026,target,52.53,Rakor ISV IUP Kaltara 202607
IUP-24,2027,target,52.5,Rakor ISV IUP Kaltara 202607
IUP-24,2028,target,53.47,Rakor ISV IUP Kaltara 202607
IUP-24,2029,target,54.8,Rakor ISV IUP Kaltara 202607
IUP-24,2045,target,90.0,Rakor ISV IUP Kaltara 202607
IUP-25,2025,target,53.56,Rakor ISV IUP Kaltara 202607
IUP-25,2026,target,54.98,Rakor ISV IUP Kaltara 202607
IUP-25,2027,target,56.4,Rakor ISV IUP Kaltara 202607
IUP-25,2028,target,57.82,Rakor ISV IUP Kaltara 202607
IUP-25,2029,target,58.05,Rakor ISV IUP Kaltara 202607
IUP-25,2045,target,63.8,Rakor ISV IUP Kaltara 202607
IUP-25,2021,realisasi,48.44,Rakor ISV IUP Kaltara 202607
IUP-25,2022,realisasi,49.3,Rakor ISV IUP Kaltara 202607
IUP-25,2023,realisasi,53.6,Rakor ISV IUP Kaltara 202607
IUP-25,2024,realisasi,52.14,Rakor ISV IUP Kaltara 202607
IUP-25,2025,realisasi,52.26,Rakor ISV IUP Kaltara 202607
IUP-26,2025,target,58.45,Rakor ISV IUP Kaltara 202607
IUP-26,2026,target,60.01,Rakor ISV IUP Kaltara 202607
IUP-26,2027,target,61.0,Rakor ISV IUP Kaltara 202607
IUP-26,2028,target,62.4,Rakor ISV IUP Kaltara 202607
IUP-26,2029,target,65.01,Rakor ISV IUP Kaltara 202607
IUP-26,2045,target,63.8,Rakor ISV IUP Kaltara 202607
IUP-26,2021,realisasi,39.36,Rakor ISV IUP Kaltara 202607
IUP-26,2022,realisasi,46.37,Rakor ISV IUP Kaltara 202607
IUP-26,2023,realisasi,45.86,Rakor ISV IUP Kaltara 202607
IUP-26,2024,realisasi,53.35,Rakor ISV IUP Kaltara 202607
IUP-26,2025,realisasi,50.84,Rakor ISV IUP Kaltara 202607
IUP-27,2025,target,70.47,Rakor ISV IUP Kaltara 202607
IUP-27,2026,target,71.78,Rakor ISV IUP Kaltara 202607
IUP-27,2027,target,73.79,Rakor ISV IUP Kaltara 202607
IUP-27,2028,target,75.93,Rakor ISV IUP Kaltara 202607
IUP-27,2029,target,77.14,Rakor ISV IUP Kaltara 202607
IUP-27,2045,target,93.78,Rakor ISV IUP Kaltara 202607
IUP-28,2025,target,25.5,Rakor ISV IUP Kaltara 202607
IUP-28,2026,target,29.5,Rakor ISV IUP Kaltara 202607
IUP-28,2027,target,33.9,Rakor ISV IUP Kaltara 202607
IUP-28,2028,target,38.6,Rakor ISV IUP Kaltara 202607
IUP-28,2029,target,43.3,Rakor ISV IUP Kaltara 202607
IUP-28,2045,target,72.0,Rakor ISV IUP Kaltara 202607
IUP-29,2025,target,6.5,Rakor ISV IUP Kaltara 202607
IUP-29,2026,target,6.63,Rakor ISV IUP Kaltara 202607
IUP-29,2027,target,6.75,Rakor ISV IUP Kaltara 202607
IUP-29,2028,target,6.88,Rakor ISV IUP Kaltara 202607
IUP-29,2029,target,7.0,Rakor ISV IUP Kaltara 202607
IUP-29,2045,target,7.8,Rakor ISV IUP Kaltara 202607
IUP-30,2025,target,8.4,Rakor ISV IUP Kaltara 202607
IUP-30,2026,target,8.27,Rakor ISV IUP Kaltara 202607
IUP-30,2027,target,8.15,Rakor ISV IUP Kaltara 202607
IUP-30,2028,target,8.02,Rakor ISV IUP Kaltara 202607
IUP-30,2029,target,7.9,Rakor ISV IUP Kaltara 202607
IUP-30,2045,target,2.82,Rakor ISV IUP Kaltara 202607
IUP-31,2025,target,26.2,Rakor ISV IUP Kaltara 202607
IUP-31,2026,target,27.0,Rakor ISV IUP Kaltara 202607
IUP-31,2027,target,27.79,Rakor ISV IUP Kaltara 202607
IUP-31,2028,target,28.59,Rakor ISV IUP Kaltara 202607
IUP-31,2029,target,29.38,Rakor ISV IUP Kaltara 202607
IUP-31,2045,target,22.03,Rakor ISV IUP Kaltara 202607
IUP-31,2021,realisasi,28.5,Rakor ISV IUP Kaltara 202607
IUP-31,2022,realisasi,24.39,Rakor ISV IUP Kaltara 202607
IUP-31,2023,realisasi,26.01,Rakor ISV IUP Kaltara 202607
IUP-31,2024,realisasi,28.48,Rakor ISV IUP Kaltara 202607
IUP-31,2025,realisasi,28.38,Rakor ISV IUP Kaltara 202607
IUP-32,2025,target,20.32,Rakor ISV IUP Kaltara 202607
IUP-32,2026,target,20.96,Rakor ISV IUP Kaltara 202607
IUP-32,2027,target,21.6,Rakor ISV IUP Kaltara 202607
IUP-32,2028,target,22.64,Rakor ISV IUP Kaltara 202607
IUP-32,2029,target,22.88,Rakor ISV IUP Kaltara 202607
IUP-32,2045,target,44.48,Rakor ISV IUP Kaltara 202607
IUP-32,2021,realisasi,80.76,Rakor ISV IUP Kaltara 202607
IUP-32,2022,realisasi,84.39,Rakor ISV IUP Kaltara 202607
IUP-32,2023,realisasi,86.45,Rakor ISV IUP Kaltara 202607
IUP-32,2024,realisasi,84.86,Rakor ISV IUP Kaltara 202607
IUP-32,2025,realisasi,85.79,Rakor ISV IUP Kaltara 202607
IUP-33,2025,target,74.85,Rakor ISV IUP Kaltara 202607
IUP-33,2026,target,76.42,Rakor ISV IUP Kaltara 202607
IUP-33,2027,target,78.0,Rakor ISV IUP Kaltara 202607
IUP-33,2028,target,79.57,Rakor ISV IUP Kaltara 202607
IUP-33,2029,target,81.14,Rakor ISV IUP Kaltara 202607
IUP-33,2045,target,100.0,Rakor ISV IUP Kaltara 202607
IUP-33,2021,realisasi,65.65,Rakor ISV IUP Kaltara 202607
IUP-33,2022,realisasi,67.21,Rakor ISV IUP Kaltara 202607
IUP-33,2023,realisasi,71.43,Rakor ISV IUP Kaltara 202607
IUP-33,2024,realisasi,69.65,Rakor ISV IUP Kaltara 202607
IUP-33,2025,realisasi,74.86,Rakor ISV IUP Kaltara 202607
IUP-34,2025,target,17.23,Rakor ISV IUP Kaltara 202607
IUP-34,2026,target,18.12,Rakor ISV IUP Kaltara 202607
IUP-34,2027,target,19.02,Rakor ISV IUP Kaltara 202607
IUP-34,2028,target,19.69,Rakor ISV IUP Kaltara 202607
IUP-34,2029,target,20.36,Rakor ISV IUP Kaltara 202607
IUP-34,2045,target,9.4,Rakor ISV IUP Kaltara 202607
IUP-34,2021,realisasi,6.94,Rakor ISV IUP Kaltara 202607
IUP-34,2022,realisasi,8.72,Rakor ISV IUP Kaltara 202607
IUP-34,2023,realisasi,12.98,Rakor ISV IUP Kaltara 202607
IUP-34,2024,realisasi,16.11,Rakor ISV IUP Kaltara 202607
IUP-34,2025,realisasi,17.23,Rakor ISV IUP Kaltara 202607
IUP-35,2025,target,97.0,Rakor ISV IUP Kaltara 202607
IUP-35,2026,target,97.4,Rakor ISV IUP Kaltara 202607
IUP-35,2027,target,98.4,Rakor ISV IUP Kaltara 202607
IUP-35,2028,target,98.7,Rakor ISV IUP Kaltara 202607
IUP-35,2029,target,99.0,Rakor ISV IUP Kaltara 202607
IUP-35,2045,target,100.0,Rakor ISV IUP Kaltara 202607
IUP-36,2025,target,3.79,Rakor ISV IUP Kaltara 202607
IUP-36,2026,target,3.8,Rakor ISV IUP Kaltara 202607
IUP-36,2027,target,3.84,Rakor ISV IUP Kaltara 202607
IUP-36,2028,target,3.9,Rakor ISV IUP Kaltara 202607
IUP-36,2029,target,3.96,Rakor ISV IUP Kaltara 202607
IUP-36,2045,target,5.0,Rakor ISV IUP Kaltara 202607
IUP-36,2021,realisasi,2.38,Rakor ISV IUP Kaltara 202607
IUP-36,2022,realisasi,1.98,Rakor ISV IUP Kaltara 202607
IUP-36,2023,realisasi,2.83,Rakor ISV IUP Kaltara 202607
IUP-36,2024,realisasi,3.79,Rakor ISV IUP Kaltara 202607
IUP-37,2025,target,4.25,Rakor ISV IUP Kaltara 202607
IUP-37,2026,target,4.3,Rakor ISV IUP Kaltara 202607
IUP-37,2027,target,4.32,Rakor ISV IUP Kaltara 202607
IUP-37,2028,target,4.36,Rakor ISV IUP Kaltara 202607
IUP-37,2029,target,3.57,Rakor ISV IUP Kaltara 202607
IUP-37,2045,target,5.0,Rakor ISV IUP Kaltara 202607
IUP-37,2021,realisasi,3.44,Rakor ISV IUP Kaltara 202607
IUP-37,2022,realisasi,4.06,Rakor ISV IUP Kaltara 202607
IUP-37,2023,realisasi,3.41,Rakor ISV IUP Kaltara 202607
IUP-37,2024,realisasi,4.22,Rakor ISV IUP Kaltara 202607
IUP-37,2025,realisasi,3.86,Rakor ISV IUP Kaltara 202607
IUP-38,2025,target,75.22,Rakor ISV IUP Kaltara 202607
IUP-38,2026,target,75.99,Rakor ISV IUP Kaltara 202607
IUP-38,2027,target,76.76,Rakor ISV IUP Kaltara 202607
IUP-38,2028,target,77.53,Rakor ISV IUP Kaltara 202607
IUP-38,2029,target,78.3,Rakor ISV IUP Kaltara 202607
IUP-38,2045,target,90.61,Rakor ISV IUP Kaltara 202607
IUP-39,2025,target,95.0,Rakor ISV IUP Kaltara 202607
IUP-39,2026,target,96.0,Rakor ISV IUP Kaltara 202607
IUP-39,2027,target,97.0,Rakor ISV IUP Kaltara 202607
IUP-39,2028,target,98.0,Rakor ISV IUP Kaltara 202607
IUP-39,2029,target,99.0,Rakor ISV IUP Kaltara 202607
IUP-39,2045,target,100.0,Rakor ISV IUP Kaltara 202607
IUP-40,2025,target,68.5,Rakor ISV IUP Kaltara 202607
IUP-40,2026,target,69.25,Rakor ISV IUP Kaltara 202607
IUP-40,2027,target,70.0,Rakor ISV IUP Kaltara 202607
IUP-40,2028,target,70.75,Rakor ISV IUP Kaltara 202607
IUP-40,2029,target,71.5,Rakor ISV IUP Kaltara 202607
IUP-40,2045,target,81.1,Rakor ISV IUP Kaltara 202607
IUP-40,2024,realisasi,53.18,Rakor ISV IUP Kaltara 202607
IUP-40,2025,realisasi,87.97,Rakor ISV IUP Kaltara 202607
IUP-41,2025,target,79.5,Rakor ISV IUP Kaltara 202607
IUP-41,2026,target,80.25,Rakor ISV IUP Kaltara 202607
IUP-41,2027,target,81.55,Rakor ISV IUP Kaltara 202607
IUP-41,2028,target,82.75,Rakor ISV IUP Kaltara 202607
IUP-41,2029,target,83.15,Rakor ISV IUP Kaltara 202607
IUP-41,2021,realisasi,79.38,Rakor ISV IUP Kaltara 202607
IUP-41,2022,realisasi,78.79,Rakor ISV IUP Kaltara 202607
IUP-41,2023,realisasi,80.47,Rakor ISV IUP Kaltara 202607
IUP-41,2024,realisasi,77.35,Rakor ISV IUP Kaltara 202607
IUP-41,2025,realisasi,81.07,Rakor ISV IUP Kaltara 202607
IUP-42,2025,target,0.7,Rakor ISV IUP Kaltara 202607
IUP-42,2026,target,0.72,Rakor ISV IUP Kaltara 202607
IUP-42,2027,target,0.74,Rakor ISV IUP Kaltara 202607
IUP-42,2028,target,0.76,Rakor ISV IUP Kaltara 202607
IUP-42,2029,target,0.78,Rakor ISV IUP Kaltara 202607
IUP-42,2045,target,1.0,Rakor ISV IUP Kaltara 202607
IUP-43,2025,target,2.5,Rakor ISV IUP Kaltara 202607
IUP-43,2026,target,2.5,Rakor ISV IUP Kaltara 202607
IUP-43,2027,target,2.5,Rakor ISV IUP Kaltara 202607
IUP-43,2028,target,2.5,Rakor ISV IUP Kaltara 202607
IUP-43,2029,target,2.5,Rakor ISV IUP Kaltara 202607
IUP-43,2045,target,3.0,Rakor ISV IUP Kaltara 202607
IUP-43,2021,realisasi,2.73,Rakor ISV IUP Kaltara 202607
IUP-43,2022,realisasi,4.74,Rakor ISV IUP Kaltara 202607
IUP-43,2023,realisasi,2.44,Rakor ISV IUP Kaltara 202607
IUP-43,2024,realisasi,1.29,Rakor ISV IUP Kaltara 202607
IUP-43,2025,realisasi,2.57,Rakor ISV IUP Kaltara 202607
IUP-44,2025,target,18.97,Rakor ISV IUP Kaltara 202607
IUP-44,2026,target,22.81,Rakor ISV IUP Kaltara 202607
IUP-44,2027,target,26.64,Rakor ISV IUP Kaltara 202607
IUP-44,2028,target,30.48,Rakor ISV IUP Kaltara 202607
IUP-44,2029,target,34.31,Rakor ISV IUP Kaltara 202607
IUP-44,2045,target,73.5,Rakor ISV IUP Kaltara 202607
IUP-45,2025,target,0.23,Rakor ISV IUP Kaltara 202607
IUP-45,2026,target,0.48,Rakor ISV IUP Kaltara 202607
IUP-45,2027,target,0.74,Rakor ISV IUP Kaltara 202607
IUP-45,2028,target,0.99,Rakor ISV IUP Kaltara 202607
IUP-45,2029,target,1.24,Rakor ISV IUP Kaltara 202607
IUP-45,2045,target,4.25,Rakor ISV IUP Kaltara 202607
IUP-46,2025,target,3449809.08,Rakor ISV IUP Kaltara 202607
IUP-46,2026,target,5235330.1,Rakor ISV IUP Kaltara 202607
IUP-46,2027,target,7020851.11,Rakor ISV IUP Kaltara 202607
IUP-46,2028,target,8806372.13,Rakor ISV IUP Kaltara 202607
IUP-46,2029,target,10591893.14,Rakor ISV IUP Kaltara 202607
IUP-46,2045,target,24914798.68,Rakor ISV IUP Kaltara 202607
IUP-47,2025,target,12.0,Rakor ISV IUP Kaltara 202607
IUP-47,2026,target,15.58,Rakor ISV IUP Kaltara 202607
IUP-47,2027,target,19.15,Rakor ISV IUP Kaltara 202607
IUP-47,2028,target,22.73,Rakor ISV IUP Kaltara 202607
IUP-47,2029,target,26.3,Rakor ISV IUP Kaltara 202607
IUP-47,2045,target,69.2,Rakor ISV IUP Kaltara 202607
IUP-48,2025,target,97.3,Rakor ISV IUP Kaltara 202607
IUP-48,2026,target,97.65,Rakor ISV IUP Kaltara 202607
IUP-48,2027,target,98.01,Rakor ISV IUP Kaltara 202607
IUP-48,2028,target,98.36,Rakor ISV IUP Kaltara 202607
IUP-48,2029,target,98.71,Rakor ISV IUP Kaltara 202607
IUP-48,2045,target,99.13,Rakor ISV IUP Kaltara 202607
IUP-48,2022,realisasi,91.69,Rakor ISV IUP Kaltara 202607
IUP-49,2025,target,18.0,Rakor ISV IUP Kaltara 202607
IUP-49,2026,target,19.0,Rakor ISV IUP Kaltara 202607
IUP-49,2027,target,19.0,Rakor ISV IUP Kaltara 202607
IUP-49,2028,target,19.0,Rakor ISV IUP Kaltara 202607
IUP-49,2029,target,19.0,Rakor ISV IUP Kaltara 202607
IUP-49,2045,target,4.0,Rakor ISV IUP Kaltara 202607
IUP-50,2025,target,2.55,Rakor ISV IUP Kaltara 202607
IUP-50,2026,target,2.65,Rakor ISV IUP Kaltara 202607
IUP-50,2027,target,2.75,Rakor ISV IUP Kaltara 202607
IUP-50,2028,target,2.85,Rakor ISV IUP Kaltara 202607
IUP-50,2029,target,2.95,Rakor ISV IUP Kaltara 202607
IUP-50,2045,target,4.09,Rakor ISV IUP Kaltara 202607
IUP-51,2025,target,57.87,Rakor ISV IUP Kaltara 202607
IUP-51,2026,target,58.4,Rakor ISV IUP Kaltara 202607
IUP-51,2027,target,58.93,Rakor ISV IUP Kaltara 202607
IUP-51,2028,target,59.46,Rakor ISV IUP Kaltara 202607
IUP-51,2029,target,59.99,Rakor ISV IUP Kaltara 202607
IUP-51,2045,target,66.87,Rakor ISV IUP Kaltara 202607
IUP-51,2021,realisasi,50.08,Rakor ISV IUP Kaltara 202607
IUP-51,2022,realisasi,55.4,Rakor ISV IUP Kaltara 202607
IUP-51,2023,realisasi,56.7,Rakor ISV IUP Kaltara 202607
IUP-51,2024,realisasi,51.81,Rakor ISV IUP Kaltara 202607
IUP-52,2025,target,79.24,Rakor ISV IUP Kaltara 202607
IUP-52,2026,target,79.62,Rakor ISV IUP Kaltara 202607
IUP-52,2027,target,80.01,Rakor ISV IUP Kaltara 202607
IUP-52,2028,target,80.39,Rakor ISV IUP Kaltara 202607
IUP-52,2029,target,80.77,Rakor ISV IUP Kaltara 202607
IUP-52,2045,target,89.56,Rakor ISV IUP Kaltara 202607
IUP-52,2021,realisasi,75.63,Rakor ISV IUP Kaltara 202607
IUP-52,2022,realisasi,80.95,Rakor ISV IUP Kaltara 202607
IUP-52,2023,realisasi,81.18,Rakor ISV IUP Kaltara 202607
IUP-52,2024,realisasi,78.94,Rakor ISV IUP Kaltara 202607
IUP-52,2025,realisasi,87.23,Rakor ISV IUP Kaltara 202607
IUP-53,2025,target,77.5,Rakor ISV IUP Kaltara 202607
IUP-53,2026,target,78.15,Rakor ISV IUP Kaltara 202607
IUP-53,2027,target,78.8,Rakor ISV IUP Kaltara 202607
IUP-53,2028,target,79.44,Rakor ISV IUP Kaltara 202607
IUP-53,2029,target,80.09,Rakor ISV IUP Kaltara 202607
IUP-53,2021,realisasi,71.71,Rakor ISV IUP Kaltara 202607
IUP-53,2022,realisasi,75.94,Rakor ISV IUP Kaltara 202607
IUP-53,2023,realisasi,74.03,Rakor ISV IUP Kaltara 202607
IUP-54,2025,target,0.43,Rakor ISV IUP Kaltara 202607
IUP-54,2026,target,0.43,Rakor ISV IUP Kaltara 202607
IUP-54,2027,target,0.42,Rakor ISV IUP Kaltara 202607
IUP-54,2028,target,0.41,Rakor ISV IUP Kaltara 202607
IUP-54,2029,target,0.4,Rakor ISV IUP Kaltara 202607
IUP-54,2045,target,0.213,Rakor ISV IUP Kaltara 202607
IUP-54,2021,realisasi,0.472,Rakor ISV IUP Kaltara 202607
IUP-54,2022,realisasi,0.444,Rakor ISV IUP Kaltara 202607
IUP-54,2023,realisasi,0.452,Rakor ISV IUP Kaltara 202607
IUP-54,2024,realisasi,0.418,Rakor ISV IUP Kaltara 202607
IUP-54,2025,realisasi,0.34,Rakor ISV IUP Kaltara 202607
IUP-55,2025,target,0.434,Rakor ISV IUP Kaltara 202607
IUP-55,2026,target,0.437,Rakor ISV IUP Kaltara 202607
IUP-55,2027,target,0.44,Rakor ISV IUP Kaltara 202607
IUP-55,2028,target,0.447,Rakor ISV IUP Kaltara 202607
IUP-55,2029,target,0.453,Rakor ISV IUP Kaltara 202607
IUP-55,2045,target,0.596,Rakor ISV IUP Kaltara 202607
IUP-56,2021,realisasi,99.43,Rakor ISV IUP Kaltara 202607
IUP-56,2022,realisasi,94.52,Rakor ISV IUP Kaltara 202607
IUP-56,2023,realisasi,93.91,Rakor ISV IUP Kaltara 202607
IUP-56,2024,realisasi,92.99,Rakor ISV IUP Kaltara 202607
IUP-56,2025,realisasi,91.25,Rakor ISV IUP Kaltara 202607
IUP-57,2021,realisasi,57.34,Rakor ISV IUP Kaltara 202607
IUP-57,2022,realisasi,54.46,Rakor ISV IUP Kaltara 202607
IUP-57,2023,realisasi,55.93,Rakor ISV IUP Kaltara 202607
IUP-57,2024,realisasi,54.31,Rakor ISV IUP Kaltara 202607
IUP-57,2025,realisasi,73.14,Rakor ISV IUP Kaltara 202607
IUP-58,2021,realisasi,99.96,Rakor ISV IUP Kaltara 202607
IUP-58,2022,realisasi,100.0,Rakor ISV IUP Kaltara 202607
IUP-58,2023,realisasi,100.0,Rakor ISV IUP Kaltara 202607
IUP-58,2024,realisasi,100.0,Rakor ISV IUP Kaltara 202607
IUP-58,2025,realisasi,100.0,Rakor ISV IUP Kaltara 202607
IUP-59,2021,realisasi,81.52,Rakor ISV IUP Kaltara 202607
IUP-59,2022,realisasi,84.85,Rakor ISV IUP Kaltara 202607
IUP-59,2023,realisasi,83.4,Rakor ISV IUP Kaltara 202607
IUP-59,2024,realisasi,84.65,Rakor ISV IUP Kaltara 202607
IUP-59,2025,realisasi,88.58,Rakor ISV IUP Kaltara 202607
IUP-60,2025,target,6.0,Rakor ISV IUP Kaltara 202607
IUP-60,2026,target,7.0,Rakor ISV IUP Kaltara 202607
IUP-60,2027,target,8.0,Rakor ISV IUP Kaltara 202607
IUP-60,2028,target,9.0,Rakor ISV IUP Kaltara 202607
IUP-60,2029,target,10.0,Rakor ISV IUP Kaltara 202607
IUP-60,2045,target,50.0,Rakor ISV IUP Kaltara 202607
IUP-60,2021,realisasi,2.39,Rakor ISV IUP Kaltara 202607
IUP-60,2022,realisasi,5.68,Rakor ISV IUP Kaltara 202607
IUP-60,2023,realisasi,5.84,Rakor ISV IUP Kaltara 202607
IUP-60,2024,realisasi,5.79,Rakor ISV IUP Kaltara 202607
IUP-60,2025,realisasi,4.34,Rakor ISV IUP Kaltara 202607
IUP-61,2025,target,16.0,Rakor ISV IUP Kaltara 202607
IUP-61,2026,target,32.25,Rakor ISV IUP Kaltara 202607
IUP-61,2027,target,48.5,Rakor ISV IUP Kaltara 202607
IUP-61,2028,target,64.75,Rakor ISV IUP Kaltara 202607
IUP-61,2029,target,81.0,Rakor ISV IUP Kaltara 202607
IUP-61,2045,target,90.0,Rakor ISV IUP Kaltara 202607
IUP-62,2025,target,1686.3,Rakor ISV IUP Kaltara 202607
IUP-62,2026,target,2020.3,Rakor ISV IUP Kaltara 202607
IUP-62,2027,target,2398.9,Rakor ISV IUP Kaltara 202607
IUP-62,2028,target,2820.5,Rakor ISV IUP Kaltara 202607
IUP-62,2029,target,3301.2,Rakor ISV IUP Kaltara 202607
IUP-62,2045,target,5170.0,Rakor ISV IUP Kaltara 202607
IUP-63,2025,target,14.23,Rakor ISV IUP Kaltara 202607
IUP-63,2026,target,13.16,Rakor ISV IUP Kaltara 202607
IUP-63,2027,target,12.08,Rakor ISV IUP Kaltara 202607
IUP-63,2028,target,11.01,Rakor ISV IUP Kaltara 202607
IUP-63,2029,target,9.93,Rakor ISV IUP Kaltara 202607
IUP-63,2045,target,0.31,Rakor ISV IUP Kaltara 202607
IUP-63,2021,realisasi,12.75,Rakor ISV IUP Kaltara 202607
IUP-63,2022,realisasi,23.01,Rakor ISV IUP Kaltara 202607
IUP-63,2023,realisasi,15.92,Rakor ISV IUP Kaltara 202607
IUP-63,2024,realisasi,14.61,Rakor ISV IUP Kaltara 202607
IUP-63,2025,realisasi,14.48,Rakor ISV IUP Kaltara 202607
IUP-64,2025,target,0.4,Rakor ISV IUP Kaltara 202607
IUP-64,2026,target,0.55,Rakor ISV IUP Kaltara 202607
IUP-64,2027,target,0.7,Rakor ISV IUP Kaltara 202607
IUP-64,2028,target,0.84,Rakor ISV IUP Kaltara 202607
IUP-64,2029,target,0.99,Rakor ISV IUP Kaltara 202607
IUP-64,2045,target,0.99,Rakor ISV IUP Kaltara 202607
IUP-65,2025,target,48.32,Rakor ISV IUP Kaltara 202607
IUP-65,2026,target,51.55,Rakor ISV IUP Kaltara 202607
IUP-65,2027,target,54.78,Rakor ISV IUP Kaltara 202607
IUP-65,2028,target,58.01,Rakor ISV IUP Kaltara 202607
IUP-65,2029,target,61.24,Rakor ISV IUP Kaltara 202607
IUP-65,2045,target,100.0,Rakor ISV IUP Kaltara 202607
IUP-66,2025,target,157.62,Rakor ISV IUP Kaltara 202607
IUP-66,2026,target,154.0,Rakor ISV IUP Kaltara 202607
IUP-66,2027,target,151.0,Rakor ISV IUP Kaltara 202607
IUP-66,2028,target,149.0,Rakor ISV IUP Kaltara 202607
IUP-66,2029,target,147.0,Rakor ISV IUP Kaltara 202607
IUP-66,2045,target,134.23,Rakor ISV IUP Kaltara 202607
IUP-66,2021,realisasi,157.03,Rakor ISV IUP Kaltara 202607
IUP-66,2022,realisasi,157.47,Rakor ISV IUP Kaltara 202607
IUP-66,2023,realisasi,148.16,Rakor ISV IUP Kaltara 202607
IUP-66,2024,realisasi,131.84,Rakor ISV IUP Kaltara 202607
IUP-66,2025,realisasi,121.35,Rakor ISV IUP Kaltara 202607
IUP-67,2025,target,34.65,Rakor ISV IUP Kaltara 202607
IUP-67,2026,target,35.01,Rakor ISV IUP Kaltara 202607
IUP-67,2027,target,35.83,Rakor ISV IUP Kaltara 202607
IUP-67,2028,target,36.87,Rakor ISV IUP Kaltara 202607
IUP-67,2029,target,38.06,Rakor ISV IUP Kaltara 202607
IUP-67,2045,target,69.57,Rakor ISV IUP Kaltara 202607
IUP-68,2025,target,45.93,Rakor ISV IUP Kaltara 202607
IUP-68,2026,target,51.17,Rakor ISV IUP Kaltara 202607
IUP-68,2027,target,51.34,Rakor ISV IUP Kaltara 202607
IUP-68,2028,target,55.45,Rakor ISV IUP Kaltara 202607
IUP-68,2029,target,54.91,Rakor ISV IUP Kaltara 202607
IUP-68,2045,target,100.0,Rakor ISV IUP Kaltara 202607
ISV-01,2026,realisasi,1.0,ISV IUP Kaltara 2026
ISV-03,2026,realisasi,2.0,ISV IUP Kaltara 2026
ISV-04,2026,realisasi,3.0,ISV IUP Kaltara 2026
ISV-05,2026,realisasi,4.0,ISV IUP Kaltara 2026
ISV-06,2026,realisasi,5.0,ISV IUP Kaltara 2026
ISV-07,2022,realisasi,3.19,ISV IUP Kaltara 2026
ISV-07,2023,realisasi,3.26,ISV IUP Kaltara 2026
ISV-07,2026,realisasi,6.0,ISV IUP Kaltara 2026
IUP-01,2026,realisasi,7.0,ISV IUP Kaltara 2026
IUP-06,2023,realisasi,40.0,ISV IUP Kaltara 2026
IUP-06,2024,realisasi,60.0,ISV IUP Kaltara 2026
IUP-06,2025,realisasi,60.0,ISV IUP Kaltara 2026
IUP-07,2023,realisasi,63.96,ISV IUP Kaltara 2026
IUP-07,2024,realisasi,74.12,ISV IUP Kaltara 2026
IUP-07,2025,realisasi,62.48,ISV IUP Kaltara 2026
IUP-08,2026,realisasi,8.0,ISV IUP Kaltara 2026
IUP-09,2026,realisasi,9.0,ISV IUP Kaltara 2026
IUP-10,2026,realisasi,10.0,ISV IUP Kaltara 2026
IUP-14,2026,realisasi,11.0,ISV IUP Kaltara 2026
IUP-15,2026,realisasi,12.0,ISV IUP Kaltara 2026
IUP-16,2026,realisasi,14.0,ISV IUP Kaltara 2026
IUP-17,2026,realisasi,15.0,ISV IUP Kaltara 2026
IUP-23,2026,realisasi,16.0,ISV IUP Kaltara 2026
IUP-25,2026,realisasi,17.0,ISV IUP Kaltara 2026
IUP-26,2026,realisasi,18.0,ISV IUP Kaltara 2026
IUP-31,2026,realisasi,19.0,ISV IUP Kaltara 2026
IUP-32,2026,realisasi,20.0,ISV IUP Kaltara 2026
IUP-33,2026,realisasi,21.0,ISV IUP Kaltara 2026
IUP-34,2026,realisasi,22.0,ISV IUP Kaltara 2026
IUP-37,2026,realisasi,23.0,ISV IUP Kaltara 2026
IUP-40,2026,realisasi,24.0,ISV IUP Kaltara 2026
IUP-41,2026,realisasi,25.0,ISV IUP Kaltara 2026
IUP-43,2026,realisasi,26.0,ISV IUP Kaltara 2026
IUP-52,2026,realisasi,27.0,ISV IUP Kaltara 2026
IUP-54,2026,realisasi,28.0,ISV IUP Kaltara 2026
IUP-60,2026,realisasi,29.0,ISV IUP Kaltara 2026
IUP-63,2026,realisasi,30.0,ISV IUP Kaltara 2026
