id_indikator,nama_indikator,kategori,kelompok,arah_pembangunan,arah_baik_heuristik,kata_kunci,alasan_heuristik,arah_baik_verifikasi,status_verifikasi,catatan_verifikator
ISV-01,GNI per kapita,ISV,Peningkatan Pendapatan per Kapita,,NAIK,aturan_default,belum ada kata kunci khusus; asumsi awal NAIK dan wajib ditinjau,,PERLU_VERIFIKASI,
ISV-02,Kontribusi PDB Maritim(%),ISV,Peningkatan Pendapatan per Kapita,,NAIK,indeks|kontribusi|proporsi|persentase|persen|rasio|cakupan|akses|harapan|produktivitas|pertumbuhan|pendapatan|pdrb|nilai|peringkat,ukuran capaian/akses/produktivitas diasumsikan membaik ketika naik,,PERLU_VERIFIKASI,
ISV-03,Kontribusi PDB industri Manufaktur(%),ISV,Peningkatan Pendapatan per Kapita,,NAIK,indeks|kontribusi|proporsi|persentase|persen|rasio|cakupan|akses|harapan|produktivitas|pertumbuhan|pendapatan|pdrb|nilai|peringkat,ukuran capaian/akses/produktivitas diasumsikan membaik ketika naik,,PERLU_VERIFIKASI,
ISV-04,Persentase Penduduk yang Hidup di Bawah Garis Kemiskinan Nasional,ISV,Pengentasan Kemiskinan dan Ketimpangan,,TURUN,kemiskinan,kemiskinan membaik ketika menurun,,PERLU_VERIFIKASI,
ISV-05,Rasio gini,ISV,Pengentasan Kemiskinan dan Ketimpangan,,TURUN,rasio\s+gini|ketimpangan,ketimpangan membaik ketika menurun,,PERLU_VERIFIKASI,
ISV-06,Kontribusi PDRB KTI,ISV,Pengentasan Kemiskinan dan Ketimpangan,,NAIK,indeks|kontribusi|proporsi|persentase|persen|rasio|cakupan|akses|harapan|produktivitas|pertumbuhan|pendapatan|pdrb|nilai|peringkat,ukuran capaian/akses/produktivitas diasumsikan membaik ketika naik,,PERLU_VERIFIKASI,
ISV-07,Global Power Index,ISV,Kepemimpinan dan Pengaruh di Dunia Internasional Meningkat,,NAIK,aturan_default,belum ada kata kunci khusus; asumsi awal NAIK dan wajib ditinjau,,PERLU_VERIFIKASI,
ISV-08,Indeks Modal Manusia,ISV,Daya saing sumber daya manusia meningkat,,NAIK,indeks|kontribusi|proporsi|persentase|persen|rasio|cakupan|akses|harapan|produktivitas|pertumbuhan|pendapatan|pdrb|nilai|peringkat,ukuran capaian/akses/produktivitas diasumsikan membaik ketika naik,,PERLU_VERIFIKASI,
ISV-09,intensitas emisi GRK,ISV,Penurunan Emisi GRK menuju net zero emission,,TURUN,intensitas\s+emisi|emisi\s+grk,intensitas/emisi membaik ketika menurun,,PERLU_VERIFIKASI,
ISV-10,Indeks Kualitas Lingkungan Hidup,ISV,Penurunan Emisi GRK menuju net zero emission,,NAIK,indeks|kontribusi|proporsi|persentase|persen|rasio|cakupan|akses|harapan|produktivitas|pertumbuhan|pendapatan|pdrb|nilai|peringkat,ukuran capaian/akses/produktivitas diasumsikan membaik ketika naik,,PERLU_VERIFIKASI,
IUP-01,Usia Harapan Hidup,IUP,Transformasi Sosial,Kesehatan untuk Semua,NAIK,indeks|kontribusi|proporsi|persentase|persen|rasio|cakupan|akses|harapan|produktivitas|pertumbuhan|pendapatan|pdrb|nilai|peringkat,ukuran capaian/akses/produktivitas diasumsikan membaik ketika naik,,PERLU_VERIFIKASI,
IUP-02,Kesehatan Ibu dan Anak: Angka Kematian Ibu,IUP,Transformasi Sosial,Kesehatan untuk Semua,TURUN,kematian|mortalitas,kematian membaik ketika menurun,,PERLU_VERIFIKASI,
IUP-03,Kesehatan Ibu dan Anak: Prevalensi stunting (pendek dan sangat pendek) pada balita,IUP,Transformasi Sosial,Kesehatan untuk Semua,TURUN,stunting|prevalensi|insidensi,prevalensi/insidensi umumnya membaik ketika menurun,,PERLU_VERIFIKASI,
IUP-04,Insidensi Tuberkulosis (per 100.000 penduduk),IUP,Transformasi Sosial,Kesehatan untuk Semua,TURUN,stunting|prevalensi|insidensi,prevalensi/insidensi umumnya membaik ketika menurun,,PERLU_VERIFIKASI,
IUP-05,Persentase Penduduk yang Memiliki Jaminan Kesehatan Nasional (JKN),IUP,Transformasi Sosial,Kesehatan untuk Semua,NAIK,indeks|kontribusi|proporsi|persentase|persen|rasio|cakupan|akses|harapan|produktivitas|pertumbuhan|pendapatan|pdrb|nilai|peringkat,ukuran capaian/akses/produktivitas diasumsikan membaik ketika naik,,PERLU_VERIFIKASI,
IUP-06,Rata-rata Nilai Pembelajaran,IUP,Transformasi Sosial,Pendidikan Berkualitas yang Merata,NAIK,indeks|kontribusi|proporsi|persentase|persen|rasio|cakupan|akses|harapan|produktivitas|pertumbuhan|pendapatan|pdrb|nilai|peringkat,ukuran capaian/akses/produktivitas diasumsikan membaik ketika naik,,PERLU_VERIFIKASI,
IUP-07,Hasil Pembelajaran: Rata-rata nilai PISA - Matematika,IUP,Transformasi Sosial,Pendidikan Berkualitas yang Merata,NAIK,indeks|kontribusi|proporsi|persentase|persen|rasio|cakupan|akses|harapan|produktivitas|pertumbuhan|pendapatan|pdrb|nilai|peringkat,ukuran capaian/akses/produktivitas diasumsikan membaik ketika naik,,PERLU_VERIFIKASI,
IUP-08,Hasil Pembelajaran: Rata-rata nilai PISA - Sains,IUP,Transformasi Sosial,Pendidikan Berkualitas yang Merata,NAIK,indeks|kontribusi|proporsi|persentase|persen|rasio|cakupan|akses|harapan|produktivitas|pertumbuhan|pendapatan|pdrb|nilai|peringkat,ukuran capaian/akses/produktivitas diasumsikan membaik ketika naik,,PERLU_VERIFIKASI,
IUP-09,Hasil Pembelajaran: Rata-rata nilai asesmen nasional Literasi - Membaca,IUP,Transformasi Sosial,Pendidikan Berkualitas yang Merata,NAIK,indeks|kontribusi|proporsi|persentase|persen|rasio|cakupan|akses|harapan|produktivitas|pertumbuhan|pendapatan|pdrb|nilai|peringkat,ukuran capaian/akses/produktivitas diasumsikan membaik ketika naik,,PERLU_VERIFIKASI,
IUP-10,Hasil Pembelajaran: Rata-rata nilai asesmen nasional Literasi - Numerasi,IUP,Transformasi Sosial,Pendidikan Berkualitas yang Merata,NAIK,indeks|kontribusi|proporsi|persentase|persen|rasio|cakupan|akses|harapan|produktivitas|pertumbuhan|pendapatan|pdrb|nilai|peringkat,ukuran capaian/akses/produktivitas diasumsikan membaik ketika naik,,PERLU_VERIFIKASI,
IUP-11,Hasil Pembelajaran: Rata-rata lama sekolah penduduk usia di atas 15 tahun (tahun),IUP,Transformasi Sosial,Pendidikan Berkualitas yang Merata,NAIK,aturan_default,belum ada kata kunci khusus; asumsi awal NAIK dan wajib ditinjau,,PERLU_VERIFIKASI,
IUP-12,Hasil Pembelajaran: Harapan lama sekolah,IUP,Transformasi Sosial,Pendidikan Berkualitas yang Merata,NAIK,indeks|kontribusi|proporsi|persentase|persen|rasio|cakupan|akses|harapan|produktivitas|pertumbuhan|pendapatan|pdrb|nilai|peringkat,ukuran capaian/akses/produktivitas diasumsikan membaik ketika naik,,PERLU_VERIFIKASI,
IUP-13,APK Perguruan Tinggi,IUP,Transformasi Sosial,Pendidikan Berkualitas yang Merata,NAIK,aturan_default,belum ada kata kunci khusus; asumsi awal NAIK dan wajib ditinjau,,PERLU_VERIFIKASI,
IUP-14,Persentase pekerja lulusan pendidikan menengah dan tinggi yang bekerja di bidang keahlian menengah tinggi,IUP,Transformasi Sosial,Pendidikan Berkualitas yang Merata,NAIK,indeks|kontribusi|proporsi|persentase|persen|rasio|cakupan|akses|harapan|produktivitas|pertumbuhan|pendapatan|pdrb|nilai|peringkat,ukuran capaian/akses/produktivitas diasumsikan membaik ketika naik,,PERLU_VERIFIKASI,
IUP-15,Persentase Penduduk yang Hidup di Bawah Garis Kemiskinan Nasional,IUP,Transformasi Sosial,Perlindungan Sosial yang Adaptif,TURUN,kemiskinan,kemiskinan membaik ketika menurun,,PERLU_VERIFIKASI,
IUP-16,Cakupan kepesertaan jaminan sosial ketenagakerjaan,IUP,Transformasi Sosial,Perlindungan Sosial yang Adaptif,NAIK,indeks|kontribusi|proporsi|persentase|persen|rasio|cakupan|akses|harapan|produktivitas|pertumbuhan|pendapatan|pdrb|nilai|peringkat,ukuran capaian/akses/produktivitas diasumsikan membaik ketika naik,,PERLU_VERIFIKASI,
IUP-17,Persentase penyandang disabilitas bekerja di sektor formal (%),IUP,Transformasi Sosial,Perlindungan Sosial yang Adaptif,NAIK,indeks|kontribusi|proporsi|persentase|persen|rasio|cakupan|akses|harapan|produktivitas|pertumbuhan|pendapatan|pdrb|nilai|peringkat,ukuran capaian/akses/produktivitas diasumsikan membaik ketika naik,,PERLU_VERIFIKASI,
IUP-18,Produktivitas Industri dan Pertanian: Rasio PDB Industri Pengolahan (%),IUP,Transformasi Ekonomi,"lptek, lnovasi, dan Produktivitas Ekonomi",NAIK,indeks|kontribusi|proporsi|persentase|persen|rasio|cakupan|akses|harapan|produktivitas|pertumbuhan|pendapatan|pdrb|nilai|peringkat,ukuran capaian/akses/produktivitas diasumsikan membaik ketika naik,,PERLU_VERIFIKASI,
IUP-19,"Produktivitas Industri dan Pertanian: Pertumbuhan PDB Pertanian, Kehutanan dan Perikanan (%)",IUP,Transformasi Ekonomi,"lptek, lnovasi, dan Produktivitas Ekonomi",NAIK,indeks|kontribusi|proporsi|persentase|persen|rasio|cakupan|akses|harapan|produktivitas|pertumbuhan|pendapatan|pdrb|nilai|peringkat,ukuran capaian/akses/produktivitas diasumsikan membaik ketika naik,,PERLU_VERIFIKASI,
IUP-20,Rasio PDB Pariwisata,IUP,Transformasi Ekonomi,"lptek, lnovasi, dan Produktivitas Ekonomi",NAIK,indeks|kontribusi|proporsi|persentase|persen|rasio|cakupan|akses|harapan|produktivitas|pertumbuhan|pendapatan|pdrb|nilai|peringkat,ukuran capaian/akses/produktivitas diasumsikan membaik ketika naik,,PERLU_VERIFIKASI,
IUP-21,Pengembangan pariwisata: Devisa Pariwisata,IUP,Transformasi Ekonomi,"lptek, lnovasi, dan Produktivitas Ekonomi",NAIK,aturan_default,belum ada kata kunci khusus; asumsi awal NAIK dan wajib ditinjau,,PERLU_VERIFIKASI,
IUP-22,Proporsi PDB Ekonomi Kreatif,IUP,Transformasi Ekonomi,"lptek, lnovasi, dan Produktivitas Ekonomi",NAIK,indeks|kontribusi|proporsi|persentase|persen|rasio|cakupan|akses|harapan|produktivitas|pertumbuhan|pendapatan|pdrb|nilai|peringkat,ukuran capaian/akses/produktivitas diasumsikan membaik ketika naik,,PERLU_VERIFIKASI,
IUP-23,"Produktivitas UMKM, Koperasi, BUMN: Proporsi Jumlah Usaha Kecil dan Menengah",IUP,Transformasi Ekonomi,"lptek, lnovasi, dan Produktivitas Ekonomi",NAIK,indeks|kontribusi|proporsi|persentase|persen|rasio|cakupan|akses|harapan|produktivitas|pertumbuhan|pendapatan|pdrb|nilai|peringkat,ukuran capaian/akses/produktivitas diasumsikan membaik ketika naik,,PERLU_VERIFIKASI,
IUP-24,"Produktivitas UMKM, Koperasi, BUMN: Rasio Kewirausahaan",IUP,Transformasi Ekonomi,"lptek, lnovasi, dan Produktivitas Ekonomi",NAIK,indeks|kontribusi|proporsi|persentase|persen|rasio|cakupan|akses|harapan|produktivitas|pertumbuhan|pendapatan|pdrb|nilai|peringkat,ukuran capaian/akses/produktivitas diasumsikan membaik ketika naik,,PERLU_VERIFIKASI,
IUP-25,"Produktivitas UMKM, Koperasi, BUMN: Rasio Volume Usaha Koperasi terhadap PDB",IUP,Transformasi Ekonomi,"lptek, lnovasi, dan Produktivitas Ekonomi",NAIK,indeks|kontribusi|proporsi|persentase|persen|rasio|cakupan|akses|harapan|produktivitas|pertumbuhan|pendapatan|pdrb|nilai|peringkat,ukuran capaian/akses/produktivitas diasumsikan membaik ketika naik,,PERLU_VERIFIKASI,
IUP-26,"Produktivitas UMKM, Koperasi, BUMN: d. Return on Asset (ROA) BUMN",IUP,Transformasi Ekonomi,"lptek, lnovasi, dan Produktivitas Ekonomi",NAIK,indeks|kontribusi|proporsi|persentase|persen|rasio|cakupan|akses|harapan|produktivitas|pertumbuhan|pendapatan|pdrb|nilai|peringkat,ukuran capaian/akses/produktivitas diasumsikan membaik ketika naik,,PERLU_VERIFIKASI,
IUP-27,Tingkat Pengangguran terbuka,IUP,Transformasi Ekonomi,"lptek, lnovasi, dan Produktivitas Ekonomi",TURUN,pengangguran,pengangguran membaik ketika menurun,,PERLU_VERIFIKASI,
IUP-28,Penciptaan Lapangan Kerja yang Baik: Proporsi Penciptaan Lapangan Kerja Formal (%),IUP,Transformasi Ekonomi,"lptek, lnovasi, dan Produktivitas Ekonomi",NAIK,indeks|kontribusi|proporsi|persentase|persen|rasio|cakupan|akses|harapan|produktivitas|pertumbuhan|pendapatan|pdrb|nilai|peringkat,ukuran capaian/akses/produktivitas diasumsikan membaik ketika naik,,PERLU_VERIFIKASI,
IUP-29,Tingkat Partisipasi Angkatan Kerja Perempuan,IUP,Transformasi Ekonomi,"lptek, lnovasi, dan Produktivitas Ekonomi",NAIK,aturan_default,belum ada kata kunci khusus; asumsi awal NAIK dan wajib ditinjau,,PERLU_VERIFIKASI,
IUP-30,Tingkat Penguasaan IPTEK: Pengeluaran Iptek dan Inovasi (Persen PDB),IUP,Transformasi Ekonomi,"lptek, lnovasi, dan Produktivitas Ekonomi",NAIK,indeks|kontribusi|proporsi|persentase|persen|rasio|cakupan|akses|harapan|produktivitas|pertumbuhan|pendapatan|pdrb|nilai|peringkat,ukuran capaian/akses/produktivitas diasumsikan membaik ketika naik,,PERLU_VERIFIKASI,
IUP-31,Tingkat Penguasaan IPTEK: Peringkat Indeks Inovasi Global (peringkat),IUP,Transformasi Ekonomi,"lptek, lnovasi, dan Produktivitas Ekonomi",NAIK,indeks|kontribusi|proporsi|persentase|persen|rasio|cakupan|akses|harapan|produktivitas|pertumbuhan|pendapatan|pdrb|nilai|peringkat,ukuran capaian/akses/produktivitas diasumsikan membaik ketika naik,,PERLU_VERIFIKASI,
IUP-32,Tingkat Penerapan Ekonomi Hijau: Indeks Ekonomi Hijau,IUP,Transformasi Ekonomi,Penerapan Ekonomi Hijau,NAIK,indeks|kontribusi|proporsi|persentase|persen|rasio|cakupan|akses|harapan|produktivitas|pertumbuhan|pendapatan|pdrb|nilai|peringkat,ukuran capaian/akses/produktivitas diasumsikan membaik ketika naik,,PERLU_VERIFIKASI,
IUP-33,Tingkat Penerapan Ekonomi Hijau: Porsi EBT dalam Bauran Energi Primer (%),IUP,Transformasi Ekonomi,Penerapan Ekonomi Hijau,NAIK,aturan_default,belum ada kata kunci khusus; asumsi awal NAIK dan wajib ditinjau,,PERLU_VERIFIKASI,
IUP-34,Indeks Daya Saing Digital di Tingkat Global (Peringkat),IUP,Transformasi Digital,Transformasi Digital,NAIK,indeks|kontribusi|proporsi|persentase|persen|rasio|cakupan|akses|harapan|produktivitas|pertumbuhan|pendapatan|pdrb|nilai|peringkat,ukuran capaian/akses/produktivitas diasumsikan membaik ketika naik,,PERLU_VERIFIKASI,
IUP-35,Biaya Logistik (% PDB),IUP,Transformasi Digital,Integrasi Ekonomi Global,NAIK,aturan_default,belum ada kata kunci khusus; asumsi awal NAIK dan wajib ditinjau,,PERLU_VERIFIKASI,
IUP-36,Pembentukan Modal Tetap Bruto (% PDB),IUP,Transformasi Digital,Integrasi Ekonomi Global,NAIK,aturan_default,belum ada kata kunci khusus; asumsi awal NAIK dan wajib ditinjau,,PERLU_VERIFIKASI,
IUP-37,Ekspor Barang dan Jasa (%PDB),IUP,Transformasi Digital,Integrasi Ekonomi Global,NAIK,aturan_default,belum ada kata kunci khusus; asumsi awal NAIK dan wajib ditinjau,,PERLU_VERIFIKASI,
IUP-38,"Kota Maju, Inklusif, dan Berkelanjutan: Proporsi kontribusi PDRB wilayah metropolitan terhadap nasional (%)",IUP,Transformasi Digital,Perkotaan dan Perdesaan sebagai Pusat Pertumbuhan Ekonomi,NAIK,indeks|kontribusi|proporsi|persentase|persen|rasio|cakupan|akses|harapan|produktivitas|pertumbuhan|pendapatan|pdrb|nilai|peringkat,ukuran capaian/akses/produktivitas diasumsikan membaik ketika naik,,PERLU_VERIFIKASI,
IUP-39,"Kota Maju, Inklusif, dan Berkelanjutan: Rumah tangga dengan akses hunian layak, terjangkau, dan berkelanjutan (%)",IUP,Transformasi Digital,Perkotaan dan Perdesaan sebagai Pusat Pertumbuhan Ekonomi,NAIK,indeks|kontribusi|proporsi|persentase|persen|rasio|cakupan|akses|harapan|produktivitas|pertumbuhan|pendapatan|pdrb|nilai|peringkat,ukuran capaian/akses/produktivitas diasumsikan membaik ketika naik,,PERLU_VERIFIKASI,
IUP-40,"Kota Maju, Inklusif, dan Berkelanjutan: Persentase Desa Mandiri (%)",IUP,Transformasi Digital,Perkotaan dan Perdesaan sebagai Pusat Pertumbuhan Ekonomi,NAIK,indeks|kontribusi|proporsi|persentase|persen|rasio|cakupan|akses|harapan|produktivitas|pertumbuhan|pendapatan|pdrb|nilai|peringkat,ukuran capaian/akses/produktivitas diasumsikan membaik ketika naik,,PERLU_VERIFIKASI,
IUP-41,Indeks Materi Hukum,IUP,Transformasi Tata Kelola,Regulasi dan Tata kelola yang Berintegritas dan Adaptif,NAIK,indeks|kontribusi|proporsi|persentase|persen|rasio|cakupan|akses|harapan|produktivitas|pertumbuhan|pendapatan|pdrb|nilai|peringkat,ukuran capaian/akses/produktivitas diasumsikan membaik ketika naik,,PERLU_VERIFIKASI,
IUP-42,Indeks Sistem Pemerintahan Berbasis Elektronik,IUP,Transformasi Tata Kelola,Regulasi dan Tata kelola yang Berintegritas dan Adaptif,NAIK,indeks|kontribusi|proporsi|persentase|persen|rasio|cakupan|akses|harapan|produktivitas|pertumbuhan|pendapatan|pdrb|nilai|peringkat,ukuran capaian/akses/produktivitas diasumsikan membaik ketika naik,,PERLU_VERIFIKASI,
IUP-43,Indeks Pelayanan Publik,IUP,Transformasi Tata Kelola,Regulasi dan Tata kelola yang Berintegritas dan Adaptif,NAIK,indeks|kontribusi|proporsi|persentase|persen|rasio|cakupan|akses|harapan|produktivitas|pertumbuhan|pendapatan|pdrb|nilai|peringkat,ukuran capaian/akses/produktivitas diasumsikan membaik ketika naik,,PERLU_VERIFIKASI,
IUP-44,Anti Korupsi: Indeks Integritas Nasional -,IUP,Transformasi Tata Kelola,Regulasi dan Tata kelola yang Berintegritas dan Adaptif,TURUN,kehilangan|kerugian|konflik|kejahatan|korupsi,beban/kejadian negatif membaik ketika menurun,,PERLU_VERIFIKASI,
IUP-45,Anti Korupsi: Indeks Persepsi Korupsi,IUP,Transformasi Tata Kelola,Regulasi dan Tata kelola yang Berintegritas dan Adaptif,TURUN,kehilangan|kerugian|konflik|kejahatan|korupsi,beban/kejadian negatif membaik ketika menurun,,PERLU_VERIFIKASI,
IUP-46,Indeks Pembangunan Hukum,IUP,"Supremasi Hukum, stabilitas, dan Kepemimpinan Indonesia","Hukum Berkeadilan, Keamanan Nasional",NAIK,indeks|kontribusi|proporsi|persentase|persen|rasio|cakupan|akses|harapan|produktivitas|pertumbuhan|pendapatan|pdrb|nilai|peringkat,ukuran capaian/akses/produktivitas diasumsikan membaik ketika naik,,PERLU_VERIFIKASI,
IUP-47,Proporsi Penduduk yang Merasa Aman Berjalan Sendirian di Area Tempat Tinggalnya (%),IUP,"Supremasi Hukum, stabilitas, dan Kepemimpinan Indonesia","Hukum Berkeadilan, Keamanan Nasional",NAIK,indeks|kontribusi|proporsi|persentase|persen|rasio|cakupan|akses|harapan|produktivitas|pertumbuhan|pendapatan|pdrb|nilai|peringkat,ukuran capaian/akses/produktivitas diasumsikan membaik ketika naik,,PERLU_VERIFIKASI,
IUP-48,Indeks Demokrasi Indonesia,IUP,"Supremasi Hukum, stabilitas, dan Kepemimpinan Indonesia",Tangguh dan Demokrasi,NAIK,indeks|kontribusi|proporsi|persentase|persen|rasio|cakupan|akses|harapan|produktivitas|pertumbuhan|pendapatan|pdrb|nilai|peringkat,ukuran capaian/akses/produktivitas diasumsikan membaik ketika naik,,PERLU_VERIFIKASI,
IUP-49,Rasio pajak terhadap PDB,IUP,"Supremasi Hukum, stabilitas, dan Kepemimpinan Indonesia",Stabilitas Ekonomi Makro,NAIK,indeks|kontribusi|proporsi|persentase|persen|rasio|cakupan|akses|harapan|produktivitas|pertumbuhan|pendapatan|pdrb|nilai|peringkat,ukuran capaian/akses/produktivitas diasumsikan membaik ketika naik,,PERLU_VERIFIKASI,
IUP-50,Tingkat inflasi,IUP,"Supremasi Hukum, stabilitas, dan Kepemimpinan Indonesia",Stabilitas Ekonomi Makro,NAIK,aturan_default,belum ada kata kunci khusus; asumsi awal NAIK dan wajib ditinjau,,PERLU_VERIFIKASI,
IUP-51,Pendalaman/ Intermediasi Sektor Keuangan: Aset Perbankan/PDB (%),IUP,"Supremasi Hukum, stabilitas, dan Kepemimpinan Indonesia",Stabilitas Ekonomi Makro,NAIK,aturan_default,belum ada kata kunci khusus; asumsi awal NAIK dan wajib ditinjau,,PERLU_VERIFIKASI,
IUP-52,Pendalaman/ Intermediasi Sektor Keuangan: Aset Dana Pensiun /PDB (%),IUP,"Supremasi Hukum, stabilitas, dan Kepemimpinan Indonesia",Stabilitas Ekonomi Makro,NAIK,aturan_default,belum ada kata kunci khusus; asumsi awal NAIK dan wajib ditinjau,,PERLU_VERIFIKASI,
IUP-53,Pendalaman/ Intermediasi Sektor Keuangan: Aset Asuransi/PDB (%),IUP,"Supremasi Hukum, stabilitas, dan Kepemimpinan Indonesia",Stabilitas Ekonomi Makro,NAIK,aturan_default,belum ada kata kunci khusus; asumsi awal NAIK dan wajib ditinjau,,PERLU_VERIFIKASI,
IUP-54,Pendalaman/ Intermediasi Sektor Keuangan: Kapitalisasi Pasar Modal/PDB (%),IUP,"Supremasi Hukum, stabilitas, dan Kepemimpinan Indonesia",Stabilitas Ekonomi Makro,NAIK,aturan_default,belum ada kata kunci khusus; asumsi awal NAIK dan wajib ditinjau,,PERLU_VERIFIKASI,
IUP-55,Pendalaman/ Intermediasi Sektor Keuangan: Total Kredit/PDB (%),IUP,"Supremasi Hukum, stabilitas, dan Kepemimpinan Indonesia",Stabilitas Ekonomi Makro,NAIK,aturan_default,belum ada kata kunci khusus; asumsi awal NAIK dan wajib ditinjau,,PERLU_VERIFIKASI,
IUP-56,Indeks Inklusi Keuangan,IUP,"Supremasi Hukum, stabilitas, dan Kepemimpinan Indonesia",Stabilitas Ekonomi Makro,NAIK,indeks|kontribusi|proporsi|persentase|persen|rasio|cakupan|akses|harapan|produktivitas|pertumbuhan|pendapatan|pdrb|nilai|peringkat,ukuran capaian/akses/produktivitas diasumsikan membaik ketika naik,,PERLU_VERIFIKASI,
IUP-57,Asia Power Index (Diplomatic Influence),IUP,"Supremasi Hukum, stabilitas, dan Kepemimpinan Indonesia",Ketangguhan Diplomasi dan Pertahanan Berdaya Gentar Kawasan,NAIK,aturan_default,belum ada kata kunci khusus; asumsi awal NAIK dan wajib ditinjau,,PERLU_VERIFIKASI,
IUP-58,Asia Power Index (Military Capability),IUP,"Supremasi Hukum, stabilitas, dan Kepemimpinan Indonesia",Ketangguhan Diplomasi dan Pertahanan Berdaya Gentar Kawasan,NAIK,aturan_default,belum ada kata kunci khusus; asumsi awal NAIK dan wajib ditinjau,,PERLU_VERIFIKASI,
IUP-59,Indeks Pembangunan Kebudayaan,IUP,Ketahanan Sosial Budaya dan Ekologi,Beragama Maslahat dan Berkebudayaan Maju,NAIK,indeks|kontribusi|proporsi|persentase|persen|rasio|cakupan|akses|harapan|produktivitas|pertumbuhan|pendapatan|pdrb|nilai|peringkat,ukuran capaian/akses/produktivitas diasumsikan membaik ketika naik,,PERLU_VERIFIKASI,
IUP-60,Indeks Kerukunan Umat Beragama:,IUP,Ketahanan Sosial Budaya dan Ekologi,Beragama Maslahat dan Berkebudayaan Maju,NAIK,indeks|kontribusi|proporsi|persentase|persen|rasio|cakupan|akses|harapan|produktivitas|pertumbuhan|pendapatan|pdrb|nilai|peringkat,ukuran capaian/akses/produktivitas diasumsikan membaik ketika naik,,PERLU_VERIFIKASI,
IUP-61,Indeks Pembangunan Kualitas Keluarga,IUP,Ketahanan Sosial Budaya dan Ekologi,"Keluarga Berkualitas, Kesetaraan Gender, dan Masyarakat Inklusif",NAIK,indeks|kontribusi|proporsi|persentase|persen|rasio|cakupan|akses|harapan|produktivitas|pertumbuhan|pendapatan|pdrb|nilai|peringkat,ukuran capaian/akses/produktivitas diasumsikan membaik ketika naik,,PERLU_VERIFIKASI,
IUP-62,Indeks Ketimpangan Gender (IKG),IUP,Ketahanan Sosial Budaya dan Ekologi,"Keluarga Berkualitas, Kesetaraan Gender, dan Masyarakat Inklusif",TURUN,rasio\s+gini|ketimpangan,ketimpangan membaik ketika menurun,,PERLU_VERIFIKASI,
IUP-63,Indeks Pengelolaan Keanekaragaman Hayati,IUP,Ketahanan Sosial Budaya dan Ekologi,Lingkungan Hidup Berkualitas,NAIK,indeks|kontribusi|proporsi|persentase|persen|rasio|cakupan|akses|harapan|produktivitas|pertumbuhan|pendapatan|pdrb|nilai|peringkat,ukuran capaian/akses/produktivitas diasumsikan membaik ketika naik,,PERLU_VERIFIKASI,
IUP-64,Indeks Kualitas Udara,IUP,Ketahanan Sosial Budaya dan Ekologi,Lingkungan Hidup Berkualitas,NAIK,indeks|kontribusi|proporsi|persentase|persen|rasio|cakupan|akses|harapan|produktivitas|pertumbuhan|pendapatan|pdrb|nilai|peringkat,ukuran capaian/akses/produktivitas diasumsikan membaik ketika naik,,PERLU_VERIFIKASI,
IUP-65,Kualitas Lingkungan Hidup: Indeks Kualitas Lingkungan Hidup - Indeks Kualitas Air (IKA),IUP,Ketahanan Sosial Budaya dan Ekologi,Lingkungan Hidup Berkualitas,NAIK,indeks|kontribusi|proporsi|persentase|persen|rasio|cakupan|akses|harapan|produktivitas|pertumbuhan|pendapatan|pdrb|nilai|peringkat,ukuran capaian/akses/produktivitas diasumsikan membaik ketika naik,,PERLU_VERIFIKASI,
IUP-66,Kualitas Lingkungan Hidup: Indeks Kualitas Lingkungan Hidup - Indeks Kualitas Lahan (IKL),IUP,Ketahanan Sosial Budaya dan Ekologi,Lingkungan Hidup Berkualitas,NAIK,indeks|kontribusi|proporsi|persentase|persen|rasio|cakupan|akses|harapan|produktivitas|pertumbuhan|pendapatan|pdrb|nilai|peringkat,ukuran capaian/akses/produktivitas diasumsikan membaik ketika naik,,PERLU_VERIFIKASI,
IUP-67,Kualitas Lingkungan Hidup: Indeks Kualitas Lingkungan Hidup - Indeks Kualitas Air Laut (IKAL),IUP,Ketahanan Sosial Budaya dan Ekologi,Lingkungan Hidup Berkualitas,NAIK,indeks|kontribusi|proporsi|persentase|persen|rasio|cakupan|akses|harapan|produktivitas|pertumbuhan|pendapatan|pdrb|nilai|peringkat,ukuran capaian/akses/produktivitas diasumsikan membaik ketika naik,,PERLU_VERIFIKASI,
IUP-68,Kualitas Lingkungan Hidup: Rumah Tangga dengan Akses Sanitasi Aman (%),IUP,Ketahanan Sosial Budaya dan Ekologi,Lingkungan Hidup Berkualitas,NAIK,indeks|kontribusi|proporsi|persentase|persen|rasio|cakupan|akses|harapan|produktivitas|pertumbuhan|pendapatan|pdrb|nilai|peringkat,ukuran capaian/akses/produktivitas diasumsikan membaik ketika naik,,PERLU_VERIFIKASI,
IUP-69,Kualitas Lingkungan Hidup: Timbulan Sampah Terolah di Fasilitas Pengolahan Sampah (%),IUP,Ketahanan Sosial Budaya dan Ekologi,Lingkungan Hidup Berkualitas,NAIK,aturan_default,belum ada kata kunci khusus; asumsi awal NAIK dan wajib ditinjau,,PERLU_VERIFIKASI,
IUP-70,"Ketahanan Energi, Air, dan Pangan: Indeks Ketahanan Energi",IUP,Ketahanan Sosial Budaya dan Ekologi,"Berketahanan Energi, Air, dan Kemandirian Pangan",NAIK,indeks|kontribusi|proporsi|persentase|persen|rasio|cakupan|akses|harapan|produktivitas|pertumbuhan|pendapatan|pdrb|nilai|peringkat,ukuran capaian/akses/produktivitas diasumsikan membaik ketika naik,,PERLU_VERIFIKASI,
IUP-71,"Ketahanan Energi, Air, dan Pangan: Prevalensi ketidakcukupan konsumsi pangan (%)",IUP,Ketahanan Sosial Budaya dan Ekologi,"Berketahanan Energi, Air, dan Kemandirian Pangan",TURUN,stunting|prevalensi|insidensi,prevalensi/insidensi umumnya membaik ketika menurun,,PERLU_VERIFIKASI,
IUP-72,"Ketahanan Energi, Air, dan Pangan: Ketahanan Air - Kapasitas Tampungan Air (m3/kapita)",IUP,Ketahanan Sosial Budaya dan Ekologi,"Berketahanan Energi, Air, dan Kemandirian Pangan",NAIK,aturan_default,belum ada kata kunci khusus; asumsi awal NAIK dan wajib ditinjau,,PERLU_VERIFIKASI,
IUP-73,Persentase Rumah Tangga yang Memiliki Akses terhadap Sumber Air Minum Layak,IUP,Ketahanan Sosial Budaya dan Ekologi,"Berketahanan Energi, Air, dan Kemandirian Pangan",NAIK,indeks|kontribusi|proporsi|persentase|persen|rasio|cakupan|akses|harapan|produktivitas|pertumbuhan|pendapatan|pdrb|nilai|peringkat,ukuran capaian/akses/produktivitas diasumsikan membaik ketika naik,,PERLU_VERIFIKASI,
IUP-74,Proporsi Kerugian Ekonomi Langsung akibat Bencana Relatif terhadap PDB (%),IUP,Ketahanan Sosial Budaya dan Ekologi,Resiliensi terhadap Bencana dan Perubahan lklim,TURUN,kehilangan|kerugian|konflik|kejahatan|korupsi,beban/kejadian negatif membaik ketika menurun,,PERLU_VERIFIKASI,
IUP-75,Persentase Penurunan Emisi GRK(%): Kumulatif,IUP,Ketahanan Sosial Budaya dan Ekologi,Resiliensi terhadap Bencana dan Perubahan lklim,TURUN,intensitas\s+emisi|emisi\s+grk,intensitas/emisi membaik ketika menurun,,PERLU_VERIFIKASI,
IUP-76,Persentase Penurunan Emisi GRK(%): Tahunan,IUP,Ketahanan Sosial Budaya dan Ekologi,Resiliensi terhadap Bencana dan Perubahan lklim,TURUN,intensitas\s+emisi|emisi\s+grk,intensitas/emisi membaik ketika menurun,,PERLU_VERIFIKASI,
